team,off_coeff,def_coeff,yusag_coeff,off_sd,def_sd,yusag_sd,departing_ppg,returning_ppg,transfer_ppg,net_ppg,mins,stars_5,stars_4,stars_3,num_star_players,avg_recruit_score,composite_score
A&M-Corpus Christi,-6.308139069,-2.790904242,-9.099043311,0.256510414,0.233231487,0.346690811,2.889423,1.8162569,0,-1.0731661,0.597870158,0,0,0,0,0,0
Abilene Christian,-3.540968021,-1.995122541,-5.536090561,0.235695321,0.236023595,0.333555725,0.968916,4.2436472,0,3.2747312,0.733876856,0,0,0,0,0,0
Air Force,-4.240166732,0.120936373,-4.11923036,0.226241982,0.26115412,0.345524108,1.802645,3.8337465,0,2.0311015,0.584609377,0,0,0,0,0,0
Akron,-2.747242836,-2.764755081,-5.511997917,0.215230802,0.20319977,0.295997373,3.289624,4.98029,-1.49114,0.199526,0.56705753,0,0,0,0,0,0
Alabama,4.299979913,6.037375097,10.33735501,0.35323996,0.304605447,0.466436435,5.75933,6.457975,0,0.698645,0.747742324,0,1,2,3,90.85,48.52
Alabama A&M,-10.43585492,-6.002821784,-16.4386767,0.424922652,0.38488234,0.573318128,-0.26113,-0.7335194,0,-0.4723894,0.831046118,0,0,0,0,0,0
Alabama St.,-3.907226668,-6.561056614,-10.46828328,0.284038427,0.309199881,0.419859969,-0.625155,4.1170607,0,4.7422157,0.810407885,0,0,0,0,0,0
Albany (NY),-5.296055339,0.470631997,-4.825423342,0.450089576,0.42500029,0.619036245,11.2847,0.786974,-0.0507088,-10.5484348,0.200519792,0,0,0,1,0,0
Alcorn,-6.602548603,-5.995399755,-12.59794836,0.26974358,0.268007573,0.380249468,2.960103,0.718552,0,-2.241551,0.609721514,0,0,0,0,0,0
American,-5.330461923,-2.419754887,-7.75021681,0.366352573,0.264606889,0.451919256,0,6.468506,0,6.468506,0.96139775,0,0,0,0,0,0
Appalachian St.,-0.131797675,-2.887883102,-3.019680777,0.239876187,0.23601852,0.33651943,3.04386,6.453417,0.483901,3.893458,0.763705482,0,0,0,0,0,0
Arizona,2.575356548,4.075805714,6.651162262,0.740867193,0.69903121,1.018591591,20.53255,0,3.19319,-17.33936,0.235341205,0,3,0,3,96.82,60.72
Arizona St.,9.689909551,2.802652493,12.49256204,0.467697859,0.498621404,0.683640689,11.21867,9.95601,4.10727,2.84461,0.500551483,0,4,0,4,96.7,65.59
Ark.-Pine Bluff,-6.632010522,-3.593919331,-10.22592985,0.275264726,0.266693979,0.383270593,2.113317,0.991252,0,-1.122065,0.653575025,0,0,0,0,0,0
Arkansas,6.53512426,2.194624763,8.729749023,0.504175195,0.423330045,0.658331948,12.596369,3.09396,0.31517,-9.187239,0.202896233,0,3,4,7,90.55,54.17
Arkansas St.,-1.447695033,-5.90489412,-7.352589152,0.223832901,0.282239742,0.360222764,5.258516,4.513674,0,-0.744842,0.555572113,0,0,0,0,0,0
Army West Point,-1.092975529,-3.54575345,-4.638728979,0.253433052,0.255642233,0.359973975,1.00629,6.586803,0,5.580513,0.900219956,0,0,0,0,0,0
Auburn,6.721008374,2.879599965,9.600608339,0.491102196,0.453943967,0.6687649,6.331003,11.0253,1.40916,6.103457,0.663794607,0,0,0,0,0,0
Austin Peay,0.356773212,-1.674429144,-1.317655931,0.280151172,0.2721071,0.390546992,1.58154,7.908183,0,6.326643,0.696182291,0,0,0,0,0,0
Ball St.,1.854944804,-0.051707536,1.803237268,0.304005956,0.246835657,0.391596045,1.26193,8.114686,2.130219,8.982975,0.715220949,0,0,1,1,88.13,18.13
Baylor,1.347860021,6.827536312,8.175396333,0.581281096,0.370487757,0.689310446,12.64394,5.43388,4.27991,-2.93015,0.445,0,1,1,2,92.38,41.11
Belmont,1.46537687,2.165238349,3.630615219,0.254065325,0.231879978,0.343973129,7.0022,6.7981,0,-0.2041,0.570652711,0,0,1,1,84,14
Bethune-Cookman,1.364781366,-9.145698658,-7.780917291,0.392671941,0.345027101,0.52271881,2.616928,3.646615,0,1.029687,0.629932377,0,0,0,0,0,0
Binghamton,-5.428444178,-1.790695516,-7.219139694,0.251715838,0.233503493,0.343343479,1.628725,3.397416,-0.254897,1.513794,0.669802429,0,0,0,0,0,0
Boise St.,3.490759332,4.45900441,7.949763742,0.372724784,0.245044122,0.446060967,8.98549,6.217753,0,-2.767737,0.569541725,0,0,3,3,86.48,37.51
Boston College,7.65071736,2.694874544,10.3455919,0.545923511,0.379342109,0.664780351,5.01298,12.34324,0,7.33026,0.7902,0,1,1,2,92.41,41.33
Boston U.,-2.40840623,-0.925006451,-3.333412681,0.246641088,0.200700851,0.317982166,1.769098,5.628448,0,3.85935,0.649524262,0,0,1,1,83,13
Bowling Green,-0.449922369,-3.359859117,-3.809781486,0.248015014,0.247066403,0.35007607,1.75452,6.61768,0,4.86316,0.66419697,0,0,0,0,0,0
Bradley,-1.504568009,4.040980539,2.53641253,0.279971787,0.25752167,0.380396651,2.66722,6.878545,0,4.211325,0.835398133,0,0,1,1,87,17
Brown,1.720972779,-5.145386731,-3.424413952,0.346762419,0.320902536,0.472464404,0,7.507452,0,7.507452,0.938187638,0,0,0,0,0,0
Bryant,-2.784768303,-9.615982034,-12.40075034,0.292121817,0.359696801,0.463375598,1.017011,2.567309,1.0668,2.617098,0.694260162,0,0,0,0,0,0
Bucknell,2.066418184,-1.148147828,0.918270357,0.422157104,0.291102537,0.51279363,9.85573,1.589026,0,-8.266704,0.595507653,0,0,0,2,80,18
Buffalo,10.4921071,0.039811195,10.5319183,0.598848024,0.405527981,0.723237098,3.67753,11.82841,0,8.15088,0.82346942,0,1,1,2,91.09,38.5
Butler,6.534135411,6.315836535,12.84997195,0.464051521,0.379009005,0.599159111,8.04285,11.7315998,0,3.6887498,0.73157439,0,0,2,2,85.52,28.6
BYU,1.615392808,3.672279079,5.287671888,0.264560549,0.210063506,0.33781498,4.765522,5.7334349,0,0.9679129,0.707319549,0,0,1,1,90.52,20.52
Cal Poly,-5.109431063,-4.700412895,-9.809843958,0.229627754,0.226254361,0.32236616,3.229453,1.912451,0,-1.317002,0.538052801,0,0,0,0,0,0
Cal St. Fullerton,2.343677672,0.20054642,2.544224092,0.350817502,0.277983206,0.447602036,0,7.914625,0,7.914625,0.904580916,0,0,1,1,86.81,16.81
California,-0.737230837,0.813568905,0.076338068,0.469647491,0.426029795,0.634090019,4.097246,3.621216,2.56819,2.09216,0.563512703,0,2,2,4,90.52,52.67
California Baptist,-8.554573298,-5.105342384,-13.65991568,0.354183505,0.179328372,0.396994484,0,0,1.485887,1.485887,0.7,0,0,0,0,0,0
Campbell,-1.216976759,-2.165896283,-3.382873041,0.264764862,0.25091606,0.364772945,3.484807,7.050096,0,3.565289,0.56770537,0,0,0,0,0,0
Canisius,0.75720222,0.2077018,0.96490402,0.26351773,0.256411713,0.36767997,3.08222,7.17719,0,4.09497,0.706859903,0,0,0,0,0,0
Central Ark.,2.845493146,-6.305931937,-3.460438791,0.482635299,0.375470616,0.611485908,6.81914,2.152662,0,-4.666478,0.587234894,0,0,2,2,85,27.21
Central Conn. St.,-5.85637267,-1.491595225,-7.347967895,0.329071358,0.215405193,0.393303135,2.032781,5.03429,0,3.001509,0.515300529,0,0,0,0,0,0
Central Mich.,0.504354003,-1.682502206,-1.178148203,0.397812128,0.380571049,0.550535024,6.76706,8.65837,0,1.89131,0.560955399,0,0,0,0,0,0
Charleston So.,-3.695086686,-1.062079156,-4.757165841,0.232581423,0.236615497,0.331784587,1.313381,4.60348097,0,3.29009997,0.660090692,0,0,0,0,0,0
Charlotte,-1.96693115,-5.893591637,-7.860522787,0.230290542,0.244625327,0.335969171,2.231524,3.9066279,0,1.6751039,0.655586576,0,0,0,0,0,0
Chattanooga,-5.692230786,-2.680102079,-8.372332865,0.490504083,0.349672424,0.602382819,8.209967,-0.26158,1.17753,-7.294017,0.223528977,0,0,2,2,86.05,29.11
Chicago St.,-4.873950305,-10.99728226,-15.87123256,0.287228016,0.400881152,0.493158829,3.4531611,0.1138876,0,-3.3392735,0.596857456,0,0,0,0,0,0
Cincinnati,1.726757528,12.02000328,13.74676081,0.431349177,0.446936235,0.621139365,10.17724,6.37544,0,-3.8018,0.587482503,0,0,3,3,89.01,42.65
Clemson,4.636020139,9.420784465,14.0568046,0.390157536,0.335270184,0.514421033,7.78469,9.4475,1.99473,3.65754,0.591681664,0,0,3,3,89.73,44.71
Cleveland St.,-5.932367591,-3.164015267,-9.096382857,0.283268509,0.223434745,0.360782668,5.536554,2.164781,0,-3.371773,0.344931014,0,0,0,0,0,0
Coastal Caro.,-4.064613701,-1.406930184,-5.471543885,0.23357759,0.244946295,0.338462964,5.35795,1.664806,0,-3.693144,0.506199275,0,0,0,0,0,0
Col. of Charleston,-1.164947527,2.65999501,1.495047483,0.363581086,0.335536739,0.494748531,4.92833,8.266029,-0.294285,3.043414,0.64964199,0,0,0,0,0,0
Colgate,-3.353741881,-0.62314437,-3.976886252,0.262784298,0.223982869,0.34528816,4.92659,4.97563,0,0.04904,0.63020497,0,0,0,0,0,0
Colorado,2.306492654,4.001143408,6.307636062,0.390942771,0.240592042,0.459043332,3.70585,8.152591,0,4.446741,0.67384464,0,0,3,3,85.43,34.35
Colorado St.,0.409924913,-2.745929199,-2.336004285,0.25007001,0.211230735,0.32734299,4.477921,5.46052,1.4501,2.432699,0.653044276,0,0,1,1,90.32,20.32
Columbia,3.677051457,-3.834003866,-0.156952408,0.381504832,0.328822871,0.503657043,0.31651,8.117636,0,7.801126,0.571834787,0,0,1,1,86.78,16.78
Coppin St.,-9.505572709,-4.522639682,-14.02821239,0.393766757,0.357060815,0.531549325,-0.380448,0.2686677,0,0.6491157,0.664056838,0,0,0,0,0,0
Cornell,0.811143826,-5.61102129,-4.799877465,0.262935345,0.314750659,0.410125557,3.10758,7.04307,0,3.93549,0.8138,0,0,0,0,0,0
Creighton,6.808262048,3.394401025,10.20266307,0.485726621,0.409324015,0.635198001,13.08184,3.88916,2.57264,-6.62004,0.466362808,0,3,0,3,93.59,53.1
CSU Bakersfield,-5.472653746,1.580369577,-3.892284169,0.317676874,0.320329751,0.451142711,0.2489894,5.268874,0,5.0198846,0.619327928,0,0,0,1,0,0
CSUN,-6.684251954,-3.807479627,-10.49173158,0.268797486,0.226398949,0.351437864,3.386934,1.65734,0,-1.729594,0.430401298,0,0,0,0,0,0
Dartmouth,-3.518342501,-0.966786861,-4.485129362,0.3911611,0.250886975,0.464705584,2.93126,3.7090019,0,0.7777419,0.716047208,0,0,2,2,84.67,26.56
Davidson,0.611379715,5.053658039,5.665037754,0.661198803,0.578494951,0.878544402,10.59506,10.52334,0,-0.07172,0.525410164,0,0,0,0,0,0
Dayton,3.44929234,1.667987376,5.117279716,0.506631111,0.338390518,0.609248082,2.97584,10.98198,0,8.00614,0.5914,0,1,1,2,90.39,37.36
Delaware,-4.737739669,-1.532983714,-6.270723384,0.230867198,0.210439357,0.312384997,4.16793,3.08586,0,-1.08207,0.691429454,0,0,0,0,0,0
Delaware St.,-9.450172477,-7.293262829,-16.74343531,0.368837899,0.314538738,0.484743245,1.433921,0.51432,0,-0.919601,0.580325071,0,0,0,0,0,0
Denver,-2.2465504,-0.537566793,-2.784117193,0.225942023,0.160682527,0.277252001,4.07356,4.38682,2.16241,2.47567,0.673632034,0,0,1,1,85.78,15.78
DePaul,2.575372047,3.569633718,6.145005765,0.370066098,0.297542807,0.474848017,5.32253,4.73654,2.770689,2.184699,0.529627844,0,0,3,3,89.23,44.59
Detroit Mercy,-1.932690938,-9.3933693,-11.32606024,0.297235783,0.410075445,0.506469131,7.646615,1.626648,0,-6.019967,0.271632849,0,0,0,0,0,0
Drake,-1.100336294,-1.104636722,-2.204973016,0.258371086,0.218055349,0.338088381,7.757743,2.60909,1.74986,-3.398793,0.173034607,0,0,1,1,85,15
Drexel,-2.445295253,-4.089704282,-6.534999535,0.239026303,0.248330437,0.34467605,6.154158,3.789271,0,-2.364887,0.541479235,0,0,0,0,0,0
Duke,11.72368497,6.912741473,18.63642644,2.048230635,2.02751838,2.882026981,22.28738,0,0,-22.28738,0.223444689,4,1,0,5,99.63,71.06
Duquesne,-0.500805343,0.079234496,-0.421570848,0.353021999,0.189652227,0.400739939,6.358452,5.68812,2.262652,1.59232,0.404919016,0,0,2,2,85.59,28.22
East Carolina,-1.509363343,-2.852405154,-4.361768497,0.38548949,0.29778096,0.487109482,1.712738,5.2034352,0,3.4906972,0.664732224,0,0,2,2,85,27.21
Eastern Ill.,-6.695508566,-0.683066453,-7.378575019,0.283120342,0.250867413,0.378274486,4.2078116,1.96527,0,-2.2425416,0.34136619,0,0,0,0,0,0
Eastern Ky.,-3.567151488,-4.510300449,-8.077451937,0.224515101,0.227124265,0.319362587,5.048007,3.547898,0,-1.500109,0.553563496,0,0,0,0,0,0
Eastern Mich.,-3.527091656,4.376562264,0.849470608,0.403582858,0.36897408,0.546828122,2.367435,8.24681,0,5.879375,0.739239431,0,0,0,0,0,0
Eastern Wash.,-1.507254322,0.916680411,-0.590573911,0.225308579,0.249745711,0.336358255,4.699648,5.260435,0,0.560787,0.669843413,0,0,0,0,0,0
Elon,-1.693617872,-2.933267942,-4.626885814,0.263678807,0.250866763,0.363951433,3.88103,6.649172,0,2.768142,0.700620372,0,0,0,0,0,0
ETSU,-3.493081089,2.941484748,-0.55159634,0.291978041,0.364878965,0.467319843,7.824592,2.58451,1.66902,-3.571062,0.2432,0,0,0,0,0,0
Evansville,-7.470496058,3.579145962,-3.891350097,0.379019661,0.414084666,0.561357296,7.406389,1.00075431,0,-6.40563469,0.438887778,0,0,0,0,0,0
Fairfield,0.006265261,-3.719065727,-3.712800466,0.333427886,0.232108024,0.406261357,4.831861,2.173899,0,-2.657962,0.615398792,0,0,1,1,87.06,17.06
Fairleigh Dickinson,-0.841043949,-4.460718954,-5.301762904,0.251413528,0.272058866,0.370438644,1.39545,6.7719,0,5.37645,0.764105642,0,0,0,0,0,0
FGCU,0.323609432,-0.861819784,-0.538210352,0.438334071,0.311693778,0.537856644,9.91575,1.32304,2.56316,-6.02955,0.419049702,0,0,2,2,86.17,29.23
FIU,-2.258978784,-1.155258284,-3.414237068,0.216887166,0.22043147,0.309241129,1.9750274,4.810063,0,2.8350356,0.660524757,0,0,0,0,0,0
Fla. Atlantic,-5.182615666,-0.786501923,-5.969117589,0.241454725,0.27870631,0.368751395,3.574137,1.193058,0,-2.381079,0.384521447,0,0,0,0,0,0
Florida,9.387257134,7.867227282,17.25448442,0.803414253,0.369925176,0.884488042,7.44151,9.5622,0,2.12069,0.6898,1,2,0,3,97.91,62.34
Florida A&M,-7.044324458,-7.150054176,-14.19437863,0.291243441,0.291289659,0.411913106,5.04939,0.59658,0,-4.45281,0.538990219,0,0,0,0,0,0
Florida St.,8.165999164,3.355555344,11.52155451,0.437321402,0.298454676,0.52945746,4.63528,10.63512,1.90946,7.9093,0.693085647,0,0,1,1,89.55,19.55
Fordham,-6.237485982,0.592776213,-5.644709769,0.369950157,0.252264051,0.447772565,3.311558,2.447272,0.1922,-0.672086,0.402838604,0,0,1,1,88.37,18.37
Purdue Fort Wayne,2.003817649,-3.7948724,-1.791054751,0.309477681,0.296529402,0.428609521,6.020722,6.149476,0.676309,0.805063,0.570605466,0,0,0,0,0,0
Fresno St.,1.148134338,4.568637656,5.716771994,0.414956726,0.230419383,0.474638996,8.34602,6.03293,4.42916,2.11607,0.38330499,0,0,2,2,88.5,33.61
Furman,1.149556286,1.774890674,2.92444696,0.238595103,0.235690968,0.335377184,6.50977,6.57999,0,0.07022,0.534151679,0,0,0,1,80,10
Ga. Southern,0.239699643,0.114553138,0.35425278,0.291938098,0.285475736,0.408318808,2.92612,8.283626,0,5.357506,0.555708078,0,0,0,0,0,0
Gardner-Webb,-4.55471309,-1.998332426,-6.553045516,0.238459934,0.200114837,0.311302245,3.01648,4.11441,0,1.09793,0.705279859,0,0,0,0,0,0
George Mason,1.765633155,-1.483809872,0.281823284,0.320909587,0.298350864,0.438173711,0,8.743147,0,8.743147,0.99920016,0,0,1,1,83.75,13.75
George Washington,-3.179395912,1.520829218,-1.658566694,0.403676762,0.237222555,0.468219467,7.149984,2.578408,1.38326,-3.188316,0.420315937,0,0,2,2,85.94,28.77
Georgetown,7.678809523,1.47361052,9.152420043,0.40727436,0.397145037,0.568855504,5.12096,8.903942,0.786232,4.569214,0.673665267,0,2,2,4,91.79,55.78
Georgia,1.326824322,7.574866008,8.90169033,0.415161155,0.404192972,0.579422767,6.78281,4.17667,0,-2.60614,0.699719996,0,2,2,4,91.26,54.56
Georgia St.,3.358699127,3.999633464,7.358332591,0.47035667,0.325906029,0.572232589,2.93399,11.69162,0,8.75763,0.770108043,0,0,2,2,87.02,31.26
Georgia Tech,-0.983788463,5.547423228,4.563634765,0.470301292,0.341350988,0.581122881,9.02267,3.986108,0.961952,-4.07461,0.59242475,0,1,2,3,92.14,51.39
Gonzaga,10.39210519,6.889825588,17.28193078,0.618566901,0.462001212,0.772055782,5.19287,15.26862,6.90742,16.98317,0.691185289,0,1,1,2,92.24,40.92
Grambling,-3.450360215,-4.896563781,-8.346923995,0.317122833,0.273182954,0.418563994,1.050783,1.5745522,2.00854,2.5323092,0.711171195,0,0,0,0,0,0
Grand Canyon,-2.23134539,1.952548391,-0.278796999,0.225367217,0.304781693,0.379054433,4.49397,2.813567,2.72798,1.047577,0.475389913,0,0,0,0,0,0
Green Bay,-1.174376319,-5.717024352,-6.891400671,0.263577985,0.236757211,0.354298365,4.15993,2.8619966,0,-1.2979334,0.66103376,0,0,0,0,0,0
Hampton,-1.541906277,-3.713121953,-5.25502823,0.23157002,0.239852463,0.333397478,2.571797,6.232033,0,3.660236,0.838006913,0,0,0,0,0,0
Hartford,-1.600592587,0.221399766,-1.379192821,0.343752049,0.310882577,0.463479717,0.769269,8.818358,0,8.049089,0.794758952,0,0,0,0,0,0
Harvard,1.279423655,5.49848916,6.777912815,0.50757378,0.483870725,0.701257457,0,6.977065,0,6.977065,0.990777264,0,1,3,4,90.09,51.4
Hawaii,-4.792969977,0.500591232,-4.292378746,0.240918624,0.255136254,0.35090781,4.70944,3.022173,0,-1.687267,0.780796528,0,0,0,0,0,0
High Point,-5.373342939,-0.106356349,-5.479699288,0.255382962,0.237747956,0.348919114,3.015933,3.62186,0,0.605927,0.515252659,0,0,0,0,0,0
Hofstra,3.091326607,-1.546661261,1.544665346,0.373378805,0.370169348,0.525772839,2.32156,10.44804,0,8.12648,0.74894979,0,0,0,0,0,0
Holy Cross,-7.170721732,1.005738172,-6.16498356,0.35917961,0.29113553,0.46235256,1.23938,4.287999,0,3.048619,0.896129165,0,0,0,0,0,0
Houston,4.691852444,6.709173834,11.40102628,0.355808187,0.300138489,0.46549176,7.28688,8.885053,1.11444,2.712613,0.540875475,0,1,0,1,95.82,25.82
Houston Baptist,-0.703536058,-10.5438191,-11.24735516,0.346200523,0.385870142,0.518411582,2.153611,2.60042,0,0.446809,0.661322544,0,0,0,0,0,0
Howard,-0.864284043,-8.798126975,-9.662411019,0.286699409,0.377550291,0.474068322,0.0592564,5.63605248,0.656089,6.23288508,0.903827282,0,0,0,0,0,0
Idaho,-4.315538312,0.741013349,-3.574524964,0.439497499,0.411270016,0.601914511,11.06675,1.996267,0,-9.070483,0.24595081,0,0,0,0,0,0
Idaho St.,-1.39766727,-1.159950559,-2.557617829,0.275534091,0.258410632,0.377750036,1.827104,7.504307,0,5.677203,0.614285985,0,0,0,0,0,0
UIC,0.213329487,-1.919807216,-1.706477729,0.266006675,0.212982979,0.340765755,2.23108,5.474353,0.0906574,3.3339304,0.68478819,0,0,0,0,0,0
Illinois,6.316787098,2.488265836,8.805052934,0.391929866,0.390317369,0.553133499,8.429345,7.858704,1.87018,1.299539,0.412682537,0,2,5,7,90,59.65
Illinois St.,2.528678142,-0.180694008,2.347984134,0.383670731,0.351428658,0.520293505,-0.711874,9.591112,0,10.302986,0.828175211,0,0,0,1,0,0
Incarnate Word,-5.874324961,-7.000089125,-12.87441409,0.266424958,0.287214955,0.391758457,1.994913,1.145986,0,-0.848927,0.63234261,0,0,0,0,0,0
Indiana,7.986096599,6.270856348,14.25695295,0.847885485,0.470436843,0.96964974,3.46473,7.53113,0,4.0664,0.593666539,1,4,0,5,95.65,65.92
Indiana St.,-0.320547288,-1.032695645,-1.353242933,0.244519368,0.228589756,0.334728245,5.54877,4.722969,-0.205902,-1.031703,0.633634354,0,0,0,0,0,0
Iona,2.32007482,-2.765716401,-0.445641582,0.344576423,0.342037881,0.485512949,7.3335,6.77105,1.65662,1.09417,0.43,0,0,0,0,0,0
Iowa,12.1233586,0.83699491,12.96035351,0.728259889,0.590409024,0.937520817,0,16.024585,0,16.024585,0.904858432,0,1,1,2,93.15,42.65
Iowa St.,7.43834372,3.902347653,11.34069137,0.481208942,0.469680962,0.672430109,3.31295,12.961,2.9119,12.55995,0.704166521,0,2,2,4,92.56,58.29
IUPUI,-6.616867946,-1.839635764,-8.45650371,0.268581556,0.253202593,0.369117333,4.184427,1.130284,0,-3.054143,0.539817786,0,0,0,0,0,0
Jackson St.,-10.24142456,-1.528102525,-11.76952708,0.408901562,0.342877702,0.533634337,0.821719,0.666679,0,-0.15504,0.481972216,0,0,0,0,0,0
Jacksonville,-4.742700307,-3.530011198,-8.272711505,0.265696055,0.233623777,0.353800032,0.824542,4.680709,1.378,5.234167,0.616419297,0,0,0,0,0,0
Jacksonville St.,-3.778765264,3.092542294,-0.68622297,0.291158872,0.311047257,0.4260562,3.266046,5.949662,0,2.683616,0.593648289,0,0,0,0,0,0
James Madison,-1.07258124,-1.253956114,-2.326537353,0.281403787,0.27241787,0.391662594,0.83406,7.662496,0,6.828436,0.745952429,0,0,0,0,0,0
Kansas,10.86239568,6.879001532,17.74139721,0.828289865,0.486211852,0.96045097,14.45647,7.95826,8.25606,1.75785,0.463414634,2,2,0,4,97.85,68.15
Kansas St.,4.480586628,9.269364426,13.74995105,0.60723443,0.534394887,0.808895264,0,15.45254,-0.0221996,15.4303404,0.889944077,0,0,2,2,85.72,28.9
Kennesaw St.,-6.303969278,-4.782833913,-11.08680319,0.319710332,0.308858461,0.44453149,7.255693,-0.520372,0,-7.776065,0.48222795,0,0,0,0,0,0
Kent St.,-1.908870267,-0.965320266,-2.874190533,0.274855803,0.242293639,0.366404039,3.84133,6.769227,1.884008,4.811905,0.640641124,0,0,0,1,0,0
Kentucky,12.37497351,6.766588397,19.1415619,2.039881953,2.018824833,2.869977716,11.55798,5.00083,4.48898,-2.06817,0.330866173,4,1,0,5,99.37,70.29
La Salle,-0.323244322,-1.12509686,-1.448341182,0.230441976,0.21755603,0.316913443,7.39363,4.006995,1.2791,-2.107535,0.525854785,0,0,0,1,79.06,9.06
La.-Monroe,-5.161285153,-0.198138684,-5.359423837,0.267082774,0.228709304,0.351626441,4.431209,3.57874,0,-0.852469,0.494099423,0,0,0,0,0,0
Lafayette,-1.585783591,-3.02201689,-4.607800481,0.231238541,0.206610124,0.310095157,2.867249,5.044137,0,2.176888,0.739617174,0,0,1,1,85.78,15.78
Lamar University,-2.903064255,-1.376031234,-4.279095489,0.202503938,0.204644459,0.287901371,3.854117,3.84395,1.2178415,1.2076745,0.384408977,0,0,0,0,0,0
Lehigh,2.108141565,-5.314123741,-3.205982176,0.302134278,0.319898913,0.440023223,2.95182,7.450859,0,4.499039,0.848758855,0,0,0,0,0,0
Liberty,-3.850830731,2.529419448,-1.321411283,0.371066405,0.311875652,0.484723323,2.09544,7.564091,0,5.468651,0.774418363,0,0,0,0,0,0
Lipscomb,4.701370828,-3.963761121,0.737609707,0.449955263,0.35313307,0.571981384,0,9.1819534,0,9.1819534,0.885233988,0,0,0,1,0,0
Little Rock,-6.800536792,0.089343782,-6.71119301,0.403308291,0.350274615,0.534181508,2.07364,0.80278,1.46431,0.19345,0.69566319,0,0,1,1,88.68,18.68
LIU Brooklyn,-0.250026722,-5.14071604,-5.390742762,0.241782045,0.245526841,0.344589592,2.8660271,5.24548,0,2.3794529,0.643928786,0,0,0,0,0,0
Long Beach St.,3.791738007,-3.537501854,0.254236153,0.423805112,0.319936945,0.531008871,3.46389,6.483589,0,3.019699,0.783332221,0,0,2,2,87,30.69
Longwood,-8.098801982,-4.850809834,-12.94961182,0.322977621,0.289213529,0.433542396,1.2402347,0.822522,0,-0.4177127,0.540959865,0,0,0,0,0,0
Louisiana,2.675936759,0.463352608,3.139289366,0.368242323,0.330918283,0.495085163,8.0951,5.91849,0,-2.17661,0.597358662,0,0,0,0,0,0
Louisiana Tech,-0.920735439,1.097983834,0.177248395,0.313174041,0.292599225,0.428593382,4.75529,7.615566,0,2.860276,0.741319136,0,0,0,0,0,0
Louisville,0.206130883,2.291323222,2.497454104,0.464264766,0.464259355,0.656565702,11.64324,1.00968,2.05113,-8.58243,0.437616362,0,0,0,1,0,0
Loyola Chicago,1.560245606,8.042482669,9.602728274,0.477829746,0.339005524,0.58587201,6.38038,10.36695,0,3.98657,0.584777107,0,0,2,2,85.89,28.79
Loyola Maryland,-4.172868447,-3.953012333,-8.12588078,0.262295625,0.236318989,0.353051921,3.27587,2.280544,0,-0.995326,0.702515911,0,0,1,1,84,14
Loyola Marymount,-0.276685735,-1.696318112,-1.973003847,0.3729345,0.342983928,0.50667358,2.48521,9.760378,0,7.275168,0.855628874,0,0,0,0,0,0
LSU,11.11871538,4.308432363,15.42714774,0.816142207,0.465737084,0.939680336,6.04157,10.60399,0,4.56242,0.601302032,2,2,2,6,94.93,68.91
Maine,-5.731289042,-6.107912837,-11.83920188,0.364467004,0.337859819,0.496976312,2.6382,-1.356223,0,-3.994423,0.547112448,0,0,0,0,0,0
Manhattan,-5.907100899,0.571222821,-5.335878077,0.276940551,0.274618042,0.390014279,5.247134,2.248549,0,-2.998585,0.419519064,0,0,0,1,0,0
Marist,-1.471028584,-5.355213682,-6.826242267,0.276304876,0.306911503,0.412963746,0,6.81901,0,6.81901,0.93837054,0,0,0,0,0,0
Marquette,9.840079409,3.072566913,12.91264632,0.659694354,0.628371327,0.911069242,5.62677,17.655506,3.32018,15.348916,0.784886046,0,1,0,1,98.19,28.19
Marshall,6.648233329,-2.282374237,4.365859091,0.47210187,0.422441141,0.6335114,3.36065,11.13758,0,7.77693,0.764695026,0,0,0,1,0,0
Maryland,9.06449373,7.12498282,16.18947655,0.814886758,0.422626646,0.917961715,5.53066,8.64059,0,3.10993,0.5092,1,3,1,5,95.16,66.97
Massachusetts,1.187890702,-0.637735352,0.55015535,0.408611724,0.251429845,0.479771308,4.6887412,6.80741908,0.479583,2.59826088,0.549341477,0,0,2,2,88.6,34.07
McNeese,-2.934592598,-5.910159344,-8.844751942,0.220490441,0.247574802,0.331525742,4.788727,2.475219,2.30325,-0.010258,0.404908888,0,0,0,0,0,0
Memphis,5.248220998,2.658894118,7.907115116,0.479459486,0.463269472,0.666708334,2.20138,11.352278,0,9.150898,0.715543341,0,3,3,7,88.68,56.98
Mercer,-5.893386827,-0.924408502,-6.817795329,0.630606436,0.563721487,0.845840643,15.08388,0,0,-15.08388,0.371250281,0,0,0,0,0,0
Miami (FL),1.904980105,5.383075367,7.288055471,0.405091295,0.44308146,0.600350012,5.89892,9.81811,3.69704,7.61623,0.637123746,0,0,0,0,0,0
Miami (OH),-3.335976723,0.115258065,-3.220718658,0.208988749,0.251156582,0.326735254,2.612843,3.523447,0,0.910604,0.577013752,0,0,0,0,0,0
Michigan,3.970454684,10.45842849,14.42888317,0.479344453,0.468236145,0.670086705,11.11607,4.5249,0,-6.59117,0.518607443,0,4,1,5,94.53,64.82
Michigan St.,9.857589811,10.08554806,19.94313787,0.468169366,0.426530748,0.633333273,8.20101,12.63973,0,4.43872,0.583966413,0,5,0,5,95.1,63.22
Middle Tenn.,-4.053292393,4.04490283,-0.008389563,0.565837589,0.606580271,0.829525046,14.639445,0,1.59877,-13.040675,0.16670002,0,0,0,0,0,0
Milwaukee,-4.970261553,1.086640637,-3.883620916,0.469908431,0.348080447,0.584785372,6.935095,-0.198059,0,-7.133154,0.255532568,0,0,2,2,86.28,29.41
Minnesota,6.821469515,1.830702628,8.652172143,0.399312354,0.375787654,0.548330846,3.91654,9.072841,1.49597,6.652271,0.596412282,0,1,2,3,92.56,52.14
Mississippi St.,8.657181335,8.044378798,16.70156013,0.589975932,0.55372135,0.809122323,0.820859,14.84873,0,14.027871,0.840881288,0,3,1,4,94.74,63.62
Mississippi Val.,-5.811481801,-7.028846151,-12.84032795,0.322276379,0.336965757,0.466270292,-0.9737,2.413064,0,3.386764,0.73853398,0,0,0,0,0,0
Missouri,2.309719443,7.366483478,9.676202921,0.509486428,0.290732085,0.58660171,8.77227,8.02145,0,-0.75082,0.582,0,1,1,2,91.59,39.56
Missouri St.,-3.248712355,1.887957765,-1.36075459,0.333046867,0.325900409,0.465973489,7.8659673,4.208472,1.11356,-2.5439353,0.377875575,0,0,0,0,0,0
Monmouth,0.361336235,-3.023310444,-2.661974209,0.331055577,0.199464891,0.386502313,3.00534,3.520247,0.600113,1.11502,0.6524,0,0,0,0,0,0
Montana,2.768805355,3.753718289,6.522523644,0.393779362,0.416975504,0.573524853,1.49746,11.099766,0,9.602306,0.8196,0,0,0,0,0,0
Montana St.,-1.050353555,-4.296137233,-5.346490787,0.236482358,0.25989758,0.351383918,2.725588,6.51217,0,3.786582,0.442376951,0,0,0,0,0,0
Morehead St.,-3.161426108,-3.262778901,-6.424205009,0.232654826,0.224970414,0.323635529,1.24316,5.0428565,0,3.7996965,0.886593879,0,0,0,0,0,0
Morgan St.,-7.127247777,-4.990858623,-12.1181064,0.307424994,0.297320992,0.427679669,5.23039,-0.8605841,0,-6.0909741,0.604962018,0,0,0,0,0,0
Mt. St. Mary's,-6.839352259,-1.836615118,-8.675967378,0.40653524,0.354562109,0.539430432,9.4472164,0,0,-9.4472164,0.068958625,0,0,0,0,0,0
Murray St.,-0.184328279,3.212537766,3.028209488,0.370198636,0.324968441,0.492596709,10.42733,5.3952757,0,-5.0320543,0.480296059,0,0,1,1,86,16
N.C. A&T,-5.220975749,-5.255277311,-10.47625306,0.254583815,0.25673567,0.361560677,5.638693,1.02779,0,-4.610903,0.364705882,0,0,0,0,0,0
N.C. Central,-6.968360606,-1.706445271,-8.674805877,0.316621645,0.230940774,0.391896552,1.75878,3.438062,-0.26113,1.418152,0.561399467,0,0,0,0,0,0
Navy,-6.335602922,0.912704404,-5.422898517,0.294126007,0.267971947,0.397893293,3.445414,3.283366,0,-0.162048,0.48889778,0,0,0,0,0,0
Nebraska,5.163377058,6.678668543,11.8420456,0.452290498,0.342923108,0.567594003,3.52228,11.87568,0,8.3534,0.643586152,0,0,3,3,86.51,36.66
Nevada,13.31909187,4.729558305,18.04865018,0.970557939,0.576531201,1.128880392,7.16895,16.73866,15.536671,25.106381,0.624240696,1,0,2,3,90.64,49.36
New Hampshire,-7.530560839,-0.864017051,-8.394577891,0.313745963,0.288396286,0.426156013,5.313515,0.5551676,0,-4.7583474,0.582316608,0,0,0,0,0,0
New Mexico,3.675123383,-1.158322709,2.516800674,0.377753061,0.372114137,0.530251172,10.67438,6.694101,4.34488,0.364601,0.390916303,0,0,1,2,79.43,18.86
New Mexico St.,-1.694354319,3.582245551,1.887891232,0.313932361,0.400205775,0.50864348,8.72896,2.60914,2.37409,-3.74573,0.447287191,0,0,0,0,0,0
New Orleans,-5.517898672,-0.922908225,-6.440806897,0.25204537,0.224592765,0.337592623,3.023964,3.303466,0,0.279502,0.595062503,0,0,0,0,0,0
Niagara,3.094824651,-7.188243248,-4.093418597,0.371109111,0.442664418,0.577645011,7.65892,6.257166,0,-1.401754,0.637219073,0,0,0,0,0,0
Nicholls St.,-1.692453678,-4.154925151,-5.847378829,0.375724358,0.332643628,0.501817274,8.86137,0.171125,2.377676,-6.312569,0.323559155,0,0,0,0,0,0
NJIT,-4.177789054,-1.326445737,-5.50423479,0.231123745,0.23506358,0.329655991,1.47049,3.9915019,0,2.5210119,0.819613192,0,0,0,0,0,0
Norfolk St.,-4.277311032,-3.341706665,-7.619017697,0.250579323,0.243524532,0.349419797,0.560475,3.862262,0,3.301787,0.603565836,0,0,0,0,0,0
North Ala.,-8.554624669,-3.560665432,-12.1152901,0.354185264,0.149139833,0.384304425,0,0,0,0,0.7,0,0,0,0,0,0
North Carolina,15.17252707,6.119536058,21.29206313,0.847834245,0.472758671,0.970733572,7.95512,13.38199,0,5.42687,0.671014696,2,1,0,3,98.81,64.51
NC State,8.916202681,2.202627177,11.11882986,0.410008079,0.418985522,0.586221368,10.75099,9.01185,7.91268,6.17354,0.42643492,0,3,0,3,94.16,54.16
North Dakota,0.199856285,-5.942644349,-5.742788064,0.256476745,0.274485551,0.375662933,4.69144,4.634753,0,-0.056687,0.674166479,0,0,0,0,0,0
North Dakota St.,-3.60115489,0.404028598,-3.197126292,0.259157023,0.253789545,0.362727854,5.94781,3.875983,0,-2.071827,0.663867227,0,0,0,1,0,0
North Florida,5.232609158,-8.989027452,-3.756418294,0.470129352,0.591787571,0.755800329,-0.425376,11.75515,0,12.180526,0.897952441,0,0,0,1,70,0
North Texas,0.993595345,1.202664632,2.196259977,0.323118526,0.329162192,0.461251916,0.454297,8.94363,0,8.489333,0.719665388,0,0,0,0,0,0
Northeastern,1.63031197,3.638209375,5.268521345,0.408520542,0.430120303,0.593205284,0.18251,11.30798,1.9903,13.11577,0.882823435,0,0,0,0,0,0
Northern Ariz.,-6.169861838,-5.101300037,-11.27116188,0.327170954,0.317320947,0.455777815,1.68523,-0.336222,0,-2.021452,0.61787295,0,0,0,0,0,0
Northern Colo.,2.737544169,-0.542163119,2.19538105,0.328046844,0.290125338,0.437935433,5.677074,7.24505,0,1.567976,0.5174,0,0,0,0,0,0
Northern Ill.,-0.278945733,-1.382442782,-1.661388515,0.305079294,0.270008076,0.407403653,0.561519,8.0030301,0,7.4415111,0.831734199,0,0,1,1,86,16
Northern Ky.,-0.730306818,2.938212786,2.207905968,0.238638004,0.232185789,0.332953957,7.285972,4.183423,1.84312,-1.259429,0.43662535,0,0,1,1,86,16
Northwestern,2.367499718,7.673461827,10.04096155,0.42249919,0.343269452,0.544370721,6.350909,7.592947,5.42961,6.671648,0.564640466,0,2,2,4,91.29,55.59
Northwestern St.,-9.187504642,-6.259980086,-15.44748473,0.404264946,0.397971125,0.567284023,0.765445,-1.867844,0,-2.633289,0.841918466,0,0,0,0,0,0
Notre Dame,4.211997917,6.765786296,10.97778421,0.495684372,0.408630467,0.642403187,12.05045,6.60818,0,-5.44227,0.602794472,0,4,1,5,94.88,64.22
Oakland,-3.64799984,-3.777507223,-7.425507063,0.569758591,0.56047269,0.799221176,14.85174,0,0.916555,-13.935185,0.226139474,0,0,0,0,0,0
Ohio,0.250549923,-2.248469459,-1.997919536,0.249080053,0.236215241,0.343276147,2.910637,6.681853,0,3.771216,0.689953593,0,0,0,0,0,0
Ohio St.,5.347884277,7.99450566,13.34238994,0.43124294,0.382605974,0.576504818,11.689541,6.5979624,2.61631,-2.4752686,0.4894,0,2,2,4,93.23,59.22
Oklahoma,8.715454866,-1.087703344,7.627751521,0.499257489,0.429081085,0.658307389,10.62412,8.68587,2.22305,0.2848,0.590760186,0,1,0,1,92.97,22.97
Oklahoma St.,3.270658342,4.212050689,7.482709031,0.416863453,0.341234239,0.538716943,11.94357,5.02355,4.22456,-2.69546,0.337667534,0,1,3,4,88.53,46.15
Old Dominion,0.799794491,7.271014305,8.070808796,0.378289443,0.294192989,0.479220635,6.6878,5.876526,0,-0.811274,0.551868879,0,0,3,3,86.37,36.85
Ole Miss,4.886794225,0.404556558,5.291350783,0.374404274,0.373688663,0.528981831,10.46111,5.733131,0,-4.727979,0.400039984,0,1,4,5,88.21,49.06
Omaha,0.336228784,-6.536302095,-6.200073311,0.268370985,0.294959097,0.398777952,2.10712,5.710304,0,3.603184,0.694383315,0,0,0,0,0,0
Oral Roberts,-2.126938128,-2.358428054,-4.485366182,0.251870642,0.200867673,0.322159343,6.668616,3.9844802,0,-2.6841358,0.571192118,0,0,1,1,86.6,16.6
Oregon,8.625611912,5.180091402,13.80570331,0.803589038,0.431750305,0.912230052,7.4889,8.56775,2.73884,3.81769,0.504626774,2,3,0,5,98.58,69.57
Oregon St.,3.04472941,5.121443216,8.166172626,0.406873762,0.277164228,0.492307086,3.31031,9.39189,0,6.08158,0.684852118,0,0,3,3,85.37,35.73
Pacific,-2.275866679,0.429564887,-1.846301792,0.286253053,0.2555148,0.383703823,4.960328,6.22617,0.50802,1.773862,0.605529396,0,0,0,0,0,0
Penn,1.724386801,2.319872875,4.044259677,0.408655227,0.232381144,0.470106468,3.57883,5.311171,0,1.732341,0.726683683,0,0,2,2,87.34,31.38
Penn St.,5.425999811,8.149083143,13.57508295,0.402236274,0.325088213,0.517181174,8.5696,9.85854,0,1.28894,0.559345603,0,1,2,4,87.85,48.11
Pepperdine,0.959202363,-2.737268927,-1.778066564,0.301983035,0.301583023,0.426785746,1.423084,8.675658,0,7.252574,0.608798225,0,0,1,1,87.53,17.53
Pittsburgh,-2.269214436,2.548697015,0.279482579,0.525746731,0.479054335,0.711268361,4.371946,1.679546,2.38028,-0.31212,0.571,0,2,1,3,93.07,53.48
Portland,-3.519997485,-1.677531537,-5.197529023,0.252043475,0.218964506,0.333873282,1.949663,5.630365,0,3.680702,0.760692151,0,0,0,1,70,0
Portland St.,4.17250126,-5.983331417,-1.810830158,0.476992856,0.283444546,0.554854031,5.35578,4.36811,0,-0.98767,0.475283354,0,0,0,0,0,0
Prairie View,-2.006932957,-5.248265562,-7.255198519,0.214166745,0.244664525,0.325158614,4.96821,3.795767,0.189008,-0.983435,0.412435026,0,0,0,0,0,0
Presbyterian,-9.04461777,-2.813183971,-11.85780174,0.351972525,0.284204136,0.452389931,4.12526,-0.1217442,0,-4.2470042,0.523231946,0,0,0,0,0,0
Princeton,0.595745236,0.578902817,1.174648054,0.329298334,0.202403354,0.386528797,3.314313,7.08251,0,3.768197,0.668134508,0,1,0,1,96.14,26.14
Providence,3.654649389,6.007603715,9.662253104,0.433273864,0.384154866,0.579051985,8.64496,5.157954,0,-3.487006,0.537784886,0,2,2,4,93.39,61.49
Purdue,6.142265935,8.544169756,14.68643569,0.611888989,0.539812794,0.815969354,16.86445,7.83595,2.32545,-6.70305,0.426829268,0,2,1,3,92.4,49.97
Quinnipiac,-1.488700992,-3.039773349,-4.528474342,0.276615394,0.273253794,0.388823498,0.627164,7.314774,0,6.68761,0.699350209,0,0,0,0,0,0
Radford,-3.976435936,3.152869904,-0.823566032,0.31701698,0.340737035,0.465404654,1.0297013,6.694669,0,5.6649677,0.721488595,0,0,0,0,0,0
Rhode Island,3.559637539,5.428441183,8.988078723,0.371134483,0.305199558,0.480507622,9.7777,5.85514,0,-3.92256,0.359543818,0,1,2,3,91.59,49.89
Rice,-2.016345109,-2.143032855,-4.159377964,0.451665299,0.376918588,0.588276436,4.364612,1.35500493,0.684328,-2.32527907,0.3022,0,0,3,3,86.8,37.36
Richmond,1.642081299,-0.193660738,1.448420562,0.282038673,0.246835905,0.374798316,4.46545,8.79499,0.869047,5.198587,0.643857543,0,0,1,1,86.48,16.48
Rider,6.909121297,-2.929840929,3.979280368,0.432565125,0.360007786,0.562777215,1.85674,10.28534,0,8.4286,0.776644671,0,0,1,1,85.56,15.56
Robert Morris,-5.549413213,-1.122537742,-6.671950956,0.255467481,0.288932773,0.385675746,2.27897,1.322281,0.752754,-0.203935,0.799891163,0,0,0,0,0,0
Rutgers,-1.213654188,6.481385512,5.267731324,0.44826228,0.382794343,0.589466352,5.18057,4.39262,1.22851,0.44056,0.542925755,0,1,3,4,89.52,49.85
Sacramento St.,-5.062808305,-1.256862092,-6.319670397,0.257506006,0.217302811,0.336941916,2.26364,4.218791,0,1.955151,0.806321508,0,0,0,0,0,0
Sacred Heart,-4.748161839,-3.004552646,-7.752714485,0.241244387,0.237681723,0.338661269,1.38482,2.83867,0,1.45385,0.531822282,0,0,0,0,0,0
Saint Francis (PA),2.523247963,-2.509543255,0.013704708,0.445547392,0.45505159,0.636855107,-0.726261,12.156621,0,12.882882,0.894251486,0,0,0,0,0,0
Saint Joseph's,-0.117417002,0.905530505,0.788113503,0.253396634,0.205510972,0.326258508,7.41446,3.3679389,-0.0536787,-4.1001998,0.593350831,0,0,1,1,86.14,16.14
Saint Louis,-1.212127829,6.362173911,5.150046082,0.471979223,0.376558206,0.603788431,3.137906,6.151113,6.103293,9.1165,0.567946257,0,1,2,3,90.17,47.55
Saint Mary's (CA),0.557791709,5.563808549,6.121600258,0.501144248,0.396658617,0.63912723,12.79345,5.71912,3.262548,-3.811782,0.396208709,0,1,0,1,96.35,26.35
Saint Peter's,-6.303592026,4.5306477,-1.772944325,0.412283237,0.396477436,0.571989358,0.620116,3.8656344,0,3.2455184,0.545363709,0,0,1,1,87.87,17.87
Sam Houston St.,-3.7562042,-0.600522533,-4.356726734,0.225423507,0.218854459,0.314186301,4.56665,3.82197,0,-0.74468,0.545319389,0,0,0,0,0,0
Samford,-0.590709178,-8.947079089,-9.537788266,0.368267617,0.483265818,0.607591054,10.231093,0.772672,0.0747399,-9.3836811,0.263917928,0,0,1,1,85,15
San Diego,-1.084193695,3.302880276,2.218686581,0.352031868,0.361522941,0.504604076,1.492104,9.18697,0,7.694866,0.763516142,0,0,0,0,0,0
San Diego St.,4.453384828,5.703380238,10.15676507,0.411663268,0.252448625,0.482904706,4.53411,8.451378,0,3.917268,0.629222467,0,0,2,2,88.4,33.34
San Francisco,-2.761249504,2.408241564,-0.353007941,0.277164186,0.293205105,0.403471461,2.96615,6.559001,0,3.592851,0.786685326,0,0,0,0,0,0
San Jose St.,-4.999367408,-1.475624093,-6.474991501,0.547479934,0.418617349,0.689184128,4.439351,-0.8889926,0,-5.3283436,0.431476965,0,0,2,2,87.78,32.57
Santa Clara,-3.314989927,1.049727845,-2.265262082,0.484169474,0.297229307,0.568124406,3.03867,4.701225,0.948353,2.610908,0.502437837,0,0,3,3,86.62,37.44
Savannah St.,5.145892067,-16.6412438,-11.49535173,0.731374688,0.638404613,0.970808624,4.809545,1.24005,0,-3.569495,0.287766574,0,0,0,0,0,0
Seattle U,-1.161637347,-0.744620408,-1.906257756,0.372988458,0.231322819,0.438897068,7.31605,3.168818,0.43253,-3.714702,0.3438,0,0,2,2,86.28,29.31
Seton Hall,5.303501244,4.147309495,9.450810739,0.469632476,0.398240052,0.615751412,13.69502,5.860949,3.8512,-3.982871,0.376075215,0,0,3,3,89.48,43.16
SFA,0.938616256,0.955784458,1.894400714,0.262188574,0.256302714,0.366652328,3.602602,6.4876503,0,2.8850483,0.685725559,0,0,0,0,0,0
Siena,-4.673144165,-1.945398063,-6.618542228,0.284032157,0.221374425,0.360112347,2.818869,2.742696,0,-0.076173,0.575671746,0,0,1,1,85,15
SIUE,-3.935274181,-5.181647569,-9.11692175,0.208382376,0.222333038,0.304721503,3.58724,3.205762,0,-0.381478,0.742423552,0,0,0,0,0,0
SMU,0.165054853,7.28507199,7.450126843,0.661910899,0.352318897,0.749836411,7.90319,11.213367,3.32697,6.637147,0.691613745,0,0,2,2,88.11,32.98
South Alabama,-1.945074674,-1.027817817,-2.972892492,0.29491712,0.292132163,0.4151112,-0.700135,5.205602,3.54346,9.449197,0.740894695,0,0,0,0,0,0
South Carolina,3.707637217,5.762048226,9.469685442,0.359563321,0.308665519,0.473877816,4.77614,7.596108,0,2.819968,0.671753809,0,1,4,5,88.69,48.89
South Carolina St.,-3.422994571,-9.631363671,-13.05435824,0.278362833,0.356514842,0.452314824,1.345292,2.1768997,0,0.8316077,0.599410307,0,0,0,0,0,0
South Dakota,1.259794826,1.45019917,2.709993997,0.28134439,0.273100736,0.392095241,5.41909,5.698298,0.193965,0.473173,0.675517829,0,0,0,0,0,0
South Dakota St.,5.270840338,-0.048765958,5.22207438,0.447133887,0.431731411,0.621547041,5.60834,10.92063,0,5.31229,0.566106283,0,0,0,1,0,0
South Fla.,-4.307083858,0.659703303,-3.647380555,0.494500065,0.354966688,0.608713121,5.157523,1.977517,2.11314,-1.066866,0.299824889,0,0,4,4,87.18,41.55
Southeast Mo. St.,-1.085793126,-6.760253485,-7.846046611,0.294401819,0.362451473,0.466951284,8.028174,3.29608,0,-4.732094,0.455004888,0,0,0,0,0,0
Southeastern La.,-4.335231544,0.232356407,-4.102875137,0.219287452,0.247764065,0.330868582,2.9154651,3.6306,0,0.7151349,0.362067152,0,0,0,0,0,0
Southern California,7.951416473,5.228079238,13.17949571,0.814060483,0.403067374,0.908381956,11.2886,7.96643,0,-3.32217,0.552019817,1,2,0,3,98.12,62.84
Southern Ill.,0.102700474,1.781188402,1.883888876,0.351556303,0.346728606,0.493773795,1.44152,9.706748,0,8.265228,0.827124992,0,0,0,0,0,0
Southern Miss.,-0.868305082,0.206138051,-0.662167031,0.379425665,0.349242355,0.515687946,0.0732614,9.86015,0,9.7868886,0.85572925,0,0,0,0,0,0
Southern U.,-6.489187777,-3.785959148,-10.27514693,0.26735543,0.25454287,0.369149019,2.283179,1.22738,0,-1.055799,0.347849788,0,0,0,0,0,0
Southern Utah,-1.50189063,-5.488125474,-6.990016105,0.256410333,0.244078428,0.354006409,5.19443,2.543082,0,-2.651348,0.518202503,0,0,0,0,0,0
St. Bonaventure,0.773515927,1.226793846,2.000309774,0.374911582,0.374888256,0.53018855,9.75575,4.43244,1.19102,-4.13229,0.414282857,0,0,0,0,0,0
St. Francis Brooklyn,-3.173844217,-5.050640675,-8.224484892,0.205506637,0.223536802,0.303647295,2.7718489,3.986647,0,1.2147981,0.560624427,0,0,0,0,0,0
St. John's (NY),5.72385139,5.540810561,11.26466195,0.398981715,0.333226352,0.519832868,3.31061,10.870575,3.0104,10.570365,0.591609872,0,1,2,3,89.57,44.53
Stanford,4.260647388,2.295362285,6.556009673,0.427528465,0.385423496,0.575614332,9.37019,3.773505,0,-5.596685,0.538207,0,2,2,4,92.13,56.43
Stetson,-3.98136456,-5.282824405,-9.264188965,0.265657137,0.270983723,0.379481083,5.232398,1.236,0,-3.996398,0.36342533,0,0,1,1,84,14
Stony Brook,-4.36131812,0.050718605,-4.310599515,0.218272748,0.259975601,0.339455896,2.442548,3.169354,0,0.726806,0.482878553,0,0,0,0,0,0
Syracuse,3.987256045,11.94950676,15.9367628,0.619617732,0.562428866,0.836810829,0,14.10523,0,14.10523,0.907581516,0,2,1,3,92.47,53.07
TCU,10.00118365,4.198770911,14.19995456,0.41557596,0.394499417,0.573003637,9.30105,10.65753,0,1.35648,0.649873555,0,2,2,4,91.73,55.22
Temple,1.302313068,3.115001745,4.417314813,0.23133012,0.204608932,0.308834,4.33917,6.75589,0,2.41672,0.693349673,0,0,1,1,87.1,17.1
Tennessee,6.775336544,10.64515844,17.42049498,0.638245467,0.604882765,0.87934091,1.39987,17.28565,0,15.88578,0.8722511,0,1,0,1,95.63,25.63
Tennessee St.,-6.770270179,1.141870179,-5.6284,0.295372288,0.301551426,0.42211142,4.811673,1.869244,0,-2.942429,0.396758703,0,0,0,0,0,0
Tennessee Tech,-5.297462483,-2.708682593,-8.006145076,0.324616145,0.322006313,0.457234849,7.98214,-0.442543,0.945798,-7.478885,0.288857772,0,0,0,0,0,0
Texas,5.733913688,8.038547328,13.77246102,0.472688911,0.422902218,0.63425633,5.58084,8.53124,2.0096,4.96,0.6566,0,4,1,5,95.93,66.59
Texas A&M,1.302804369,5.091768898,6.394573267,0.353248961,0.353526723,0.499765917,10.81634,4.45116,3.39521,-2.96997,0.399651972,0,0,1,1,88.89,18.89
Texas Southern,-0.448889003,-5.855039867,-6.30392887,0.29369345,0.350356234,0.457171011,7.74924,4.36102,0.728902,-2.659318,0.430032416,0,0,0,0,0,0
Texas St.,-6.790572971,2.294998959,-4.495574012,0.338967094,0.31148195,0.460347364,2.44412,4.08607,0,1.64195,0.675016432,0,0,0,0,0,0
Texas Tech,2.652222805,9.144275505,11.79649831,0.461651028,0.46654142,0.656340284,12.21689,2.70711,5.0121,-4.49768,0.357814689,0,2,2,4,90.43,55.51
The Citadel,4.3678025,-12.02249899,-7.654696492,0.545146712,0.492969144,0.734985384,0.499651,5.535019,-0.258224,4.777144,0.743658748,0,0,0,0,0,0
Toledo,3.295211706,0.068285366,3.363497073,0.433329236,0.426332093,0.607892491,3.99643,11.52773,0,7.5313,0.727687071,0,0,0,0,0,0
Towson,-2.202940957,-1.176062529,-3.379003486,0.368932641,0.324984465,0.491656584,9.856524,0,0.713734,-9.14279,0.230953809,0,0,1,1,87.23,17.23
Troy,-0.365808899,-0.618865699,-0.984674598,0.291442433,0.275641463,0.401144497,4.4326429,7.587507,0,3.1548641,0.581196713,0,0,0,0,0,0
Tulane,2.784585459,-0.122032582,2.662552876,0.347580099,0.270947441,0.440709021,5.79415,6.926378,0,1.132228,0.605078984,0,0,3,3,87.44,38.82
Tulsa,-0.348416457,1.782160813,1.433744356,0.28619121,0.298917995,0.413832546,5.6943401,6.7384903,0,1.0441502,0.575842631,0,0,0,0,0,0
UAB,0.963462643,1.842608438,2.806071081,0.419735255,0.308719421,0.521042576,10.77229,3.34586,0,-7.42643,0.319936013,0,0,3,3,87.28,38.72
UC Davis,-0.996772144,1.231397165,0.234625022,0.245864544,0.264255363,0.360943584,3.4836446,6.675026,0,3.1913814,0.737012824,0,0,0,0,0,0
UC Irvine,-2.453063988,3.229629717,0.776565729,0.268680526,0.369006561,0.456459272,0,6.186652,0,6.186652,0.913396249,0,0,0,0,0,0
UC Riverside,-6.246183968,-0.880420357,-7.126604325,0.263666118,0.289432153,0.391523681,1.796594,1.8021653,0,0.0055713,0.522046915,0,0,0,0,0,0
UC Santa Barbara,0.802183554,1.527919194,2.330102747,0.428693721,0.320613472,0.535323552,10.836418,4.300194,0,-6.536224,0.383806995,0,0,3,3,88.42,42.35
UCF,-4.980538436,6.402204912,1.421666476,0.310496138,0.472365789,0.565276296,2.43411,2.0658071,0.368775,0.0004721,0.811865181,0,0,1,1,85.78,15.78
UCLA,11.05754832,2.600466576,13.65801489,0.801412222,0.498844068,0.943984615,11.54796,8.63942,0,-2.90854,0.5264,1,4,1,6,96.21,67.94
UConn,0.651775674,0.967782873,1.619558547,0.287878344,0.205234306,0.353546406,2.452291,7.17864,1.95487,6.681219,0.680211272,0,0,1,1,91.08,21.08
UMass Lowell,-0.812780159,-7.207448671,-8.02022883,0.260761554,0.307756123,0.403373796,5.737885,3.156618,0,-2.581267,0.518903781,0,0,0,0,0,0
UMBC,-3.945535225,0.285094782,-3.660440443,0.285534008,0.285053284,0.403466287,7.277326,2.7855561,0,-4.4917699,0.564335583,0,0,0,0,0,0
UMES,-10.34742521,-6.215766158,-16.56319136,0.411564517,0.346394908,0.537935669,0.278306,-0.046197,0,-0.324503,0.579157081,0,0,0,0,0,0
UMKC,-4.349890178,-4.094242657,-8.444132835,0.228286798,0.223337583,0.319365837,2.9894,1.986272,0.380954,-0.622174,0.698403899,0,0,0,0,0,0
UNC Asheville,-3.280141266,-4.148761855,-7.42890312,0.399998675,0.398833984,0.56486059,10.7816016,0,0,-10.7816016,0.0764,0,0,0,0,0,0
UNC Greensboro,-1.280884538,5.551893396,4.271008857,0.250125764,0.329248456,0.413482096,2.590571,5.505612,0,2.915041,0.690449841,0,0,1,1,87.43,17.43
UNCW,2.008502555,-6.494324489,-4.485821935,0.298722997,0.336138507,0.449693812,3.512746,6.7463119,0.34363,3.5771959,0.673469388,0,0,0,1,70,0
UNI,-3.747055875,6.503852481,2.756796605,0.411877837,0.336061248,0.531583028,4.0054747,4.761521,0,0.7560463,0.537451737,0,1,0,1,96.95,26.95
UNLV,6.222711746,-1.969592571,4.253119175,0.58128759,0.349447235,0.678239363,9.08695,4.506431,2.12777,-2.452749,0.530293941,0,1,1,2,92.41,40.46
USC Upstate,-1.149684961,-10.74685847,-11.89654344,0.217692853,0.433343579,0.484950343,3.76414,4.519195,0,0.755055,0.580435483,0,0,0,0,0,0
UT Arlington,-0.880226547,-2.644038743,-3.52426529,0.418756382,0.347871517,0.544400129,9.363003,0,0.223356,-9.139647,0.153645354,0,0,0,0,0,0
UT Martin,-6.484001387,-1.45187624,-7.935877628,0.269798981,0.255419973,0.371525037,1.971726,2.3654036,0,0.3936776,0.573647681,0,0,0,0,0,0
Utah,1.2528394,6.393497648,7.646337047,0.48005404,0.384994817,0.61536403,12.20418,4.272312,0.602654,-7.329214,0.431450441,0,2,4,6,88.98,53.76
Utah St.,-0.033103891,1.76961718,1.736513289,0.310699789,0.316974044,0.443854597,2.27323,8.744973,0,6.471743,0.706549612,0,0,0,1,0,0
Utah Valley,0.015269533,1.555071256,1.57034079,0.30482328,0.317215001,0.439934755,7.30473,5.833817,0.419384,-1.051529,0.40562554,0,0,0,0,0,0
UTEP,-3.173069592,0.329563848,-2.843505744,0.50553685,0.351260038,0.615590059,3.12678,1.93804874,0,-1.18873126,0.448579432,0,0,2,2,88.72,34.05
UTRGV,-0.871011845,-6.97526541,-7.846277255,0.456383338,0.291908023,0.541752753,3.208617,0.2315856,0,-2.9770314,0.634053478,0,0,0,0,0,0
UTSA,1.452767529,-1.937986915,-0.485219386,0.297195678,0.29418093,0.418171844,3.5473,8.271118,0,4.723818,0.697833515,0,0,0,1,0,0
Valparaiso,-0.37606141,1.253365246,0.877303836,0.235770906,0.174294255,0.293200285,3.612,5.552936,0,1.940936,0.718482325,0,0,1,1,88.13,18.13
Vanderbilt,5.857102546,3.123601049,8.980703595,0.817744518,0.458377287,0.937451777,11.412019,3.502284,0,-7.909735,0.4064,2,1,0,3,98.99,64.71
VCU,2.919963387,-0.666435081,2.253528306,0.415125312,0.229990482,0.474578388,6.22153,5.041149,3.43455,2.254169,0.607810282,0,0,2,2,88.26,33.04
Vermont,-1.560504913,4.026021268,2.465516355,0.379158229,0.322656784,0.4978638,9.06367,6.03692,0,-3.02675,0.483953105,0,0,1,1,82,12
Villanova,11.92598949,8.075474552,20.00146405,0.942364819,0.660861641,1.150995031,20.0634,7.35933,4.19509,-8.50898,0.406084789,1,3,0,4,97.29,66.54
Virginia,0.571075797,16.89505035,17.46612615,0.613824788,0.588993841,0.850702424,7.11612,10.60092,0,3.4848,0.628,0,1,2,3,88.89,44.08
Virginia Tech,9.007614425,5.434234074,14.4418485,0.600822113,0.424098787,0.735423003,4.06986,14.24063,0,10.17077,0.7346,0,1,1,2,93,42.33
VMI,-7.103630293,-3.138189359,-10.24181965,0.336323078,0.319711461,0.464035161,-0.885399,2.429297,0,3.314696,0.795395411,0,0,0,0,0,0
Wagner,-3.75127611,-0.058211495,-3.809487605,0.232071635,0.243280073,0.336217843,5.47856,3.187432,0,-2.291128,0.610119923,0,0,0,0,0,0
Wake Forest,5.483688288,2.410060674,7.893748962,0.828862849,0.459043672,0.947488636,12.6925653,3.31105,1.06939,-8.3121253,0.337,1,1,4,6,90.41,60.63
Washington,7.487499185,4.570512304,12.05801149,0.515157571,0.490030997,0.71099768,0,12.53962,0,12.53962,0.952180872,0,1,4,5,89.73,53.48
Washington St.,1.939314288,-1.055225036,0.884089252,0.296821149,0.283647004,0.410558665,4.60625,9.22707,0,4.62082,0.539223782,0,0,1,1,86,16
Weber St.,1.056342594,0.490306981,1.546649575,0.257662383,0.212657726,0.334085636,5.07903,7.8816783,0,2.8026483,0.697564594,0,0,1,1,85.56,15.56
West Virginia,9.394278731,6.56302317,15.9573019,0.423259447,0.350086751,0.549280705,9.35333,8.616213,-1.0112,-1.748317,0.594337076,0,2,4,6,91.82,59.24
Western Caro.,-5.271181886,-3.688034932,-8.959216818,0.235530107,0.228503524,0.328158943,2.818831,1.841511,0,-0.97732,0.488804478,0,0,0,0,0,0
Western Ill.,-5.4155644,-3.115908608,-8.531473008,0.248162751,0.238449646,0.344155466,1.51875,2.60939,0,1.09064,0.775268336,0,0,0,0,0,0
Western Ky.,7.674858814,4.117084746,11.79194356,0.80743529,0.363313487,0.885408628,10.66146,5.80685,4.30109,-0.55352,0.518323595,1,1,1,3,93.77,57.21
Western Mich.,-2.104491775,-1.252468367,-3.356960141,0.280177419,0.253691136,0.377966373,6.20217,5.35978,0,-0.84239,0.592889083,0,0,0,0,0,0
Wichita St.,3.49898245,2.212149496,5.711131946,0.72160381,0.673199548,0.986868629,20.19039,0,0,-20.19039,0.139171758,0,0,7,7,87.31,44.19
William & Mary,5.282186118,-4.03223792,1.249948198,0.38891249,0.490223196,0.625756907,7.74079,10.401868,0,2.661078,0.5818,0,0,1,1,86,16
Winthrop,0.619506369,-1.969720877,-1.350214507,0.263330603,0.251166931,0.363906353,5.26358,6.14672,0,0.88314,0.708713664,0,0,0,0,0,0
Wisconsin,3.612283093,9.556914718,13.16919781,0.606532192,0.503722666,0.788427437,0,14.24878,1.03958,15.28836,0.938890506,0,0,3,3,87.52,39.7
Wofford,1.642529626,1.408160699,3.050690325,0.492973349,0.464516923,0.677346805,0,12.95937,0,12.95937,0.925520052,0,0,0,0,0,0
Wright St.,-3.09473862,2.840949875,-0.253788745,0.232993892,0.304878774,0.383715025,3.358369,5.245745,0,1.887376,0.662495968,0,0,0,0,0,0
Wyoming,2.644341948,-3.512807335,-0.868465387,0.418898027,0.272006716,0.499462922,7.34281476,3.41076,0,-3.93205476,0.331587924,0,0,0,0,0,0
Xavier,7.444141643,3.267382498,10.71152414,0.521573235,0.427144885,0.674159767,14.45451,4.981841,0,-9.472669,0.419116177,0,0,3,3,89.1,42.74
Yale,2.201679622,0.342223067,2.543902689,0.418736224,0.315045691,0.524016997,0.869047,9.452411,0,8.583364,0.904038385,0,0,2,2,85.92,28.73
Youngstown St.,-1.476724425,-8.49978321,-9.976507635,0.332564631,0.347199606,0.480777287,4.506082,0.858553,1.52043,-2.127099,0.34332534,0,0,0,1,79,9