Season,DayNum,WTeamID,WScore,LTeamID,LScore,WLoc,NumOT,SecondaryTourney
1985,136,1151,67,1155,65,H,0,NIT
1985,136,1153,77,1245,61,H,0,NIT
1985,136,1201,79,1365,76,H,0,NIT
1985,136,1231,79,1139,57,H,0,NIT
1985,136,1249,78,1222,71,H,0,NIT
1985,136,1257,77,1108,75,H,0,NIT
1985,136,1266,77,1133,64,H,0,NIT
1985,136,1304,79,1145,66,H,0,NIT
1985,136,1307,80,1401,67,H,0,NIT
1985,136,1350,59,1200,57,H,0,NIT
1985,136,1378,77,1448,66,H,0,NIT
1985,136,1386,68,1281,67,A,0,NIT
1985,136,1397,65,1399,62,A,0,NIT
1985,136,1417,78,1285,47,H,0,NIT
1985,136,1418,65,1196,64,H,0,NIT
1985,136,1438,56,1452,55,A,0,NIT
1985,141,1151,85,1249,84,A,1,NIT
1985,141,1201,66,1307,55,H,0,NIT
1985,141,1231,75,1350,53,H,0,NIT
1985,141,1257,68,1378,61,H,0,NIT
1985,141,1266,56,1153,54,A,0,NIT
1985,141,1397,73,1418,72,H,0,NIT
1985,141,1417,82,1304,63,H,0,NIT
1985,141,1438,68,1386,61,H,0,NIT
1985,145,1231,94,1266,82,H,1,NIT
1985,145,1257,71,1151,66,H,0,NIT
1985,145,1397,61,1438,54,H,0,NIT
1985,145,1417,53,1201,43,H,0,NIT
1985,149,1231,74,1397,67,N,0,NIT
1985,149,1417,75,1257,66,N,0,NIT
1985,151,1397,100,1257,84,N,0,NIT
1985,151,1417,65,1231,62,N,0,NIT
1986,137,1140,67,1374,63,H,0,NIT
1986,137,1155,99,1292,81,H,0,NIT
1986,137,1196,81,1379,71,H,0,NIT
1986,137,1206,65,1249,63,A,0,NIT
1986,137,1208,95,1151,81,A,0,NIT
1986,137,1256,67,1319,61,A,0,NIT
1986,137,1258,80,1143,75,A,0,NIT
1986,137,1266,79,1179,59,H,0,NIT
1986,137,1270,86,1173,75,H,0,NIT
1986,137,1283,59,1338,52,H,0,NIT
1986,137,1326,65,1325,62,A,0,NIT
1986,137,1344,72,1131,69,H,0,NIT
1986,137,1395,76,1285,69,A,0,NIT
1986,137,1400,69,1307,66,A,0,NIT
1986,137,1414,80,1417,74,A,0,NIT
1986,137,1461,79,1401,70,H,0,NIT
1986,140,1140,93,1414,80,H,0,NIT
1986,140,1155,77,1208,65,A,0,NIT
1986,140,1196,77,1395,75,H,0,NIT
1986,140,1256,77,1270,61,H,0,NIT
1986,140,1283,83,1266,69,H,0,NIT
1986,140,1326,71,1400,65,H,0,NIT
1986,140,1344,90,1206,71,H,0,NIT
1986,140,1461,99,1258,90,H,0,NIT
1986,144,1196,54,1283,53,H,0,NIT
1986,144,1256,64,1344,63,A,0,NIT
1986,144,1326,79,1140,68,H,0,NIT
1986,144,1461,62,1155,57,H,0,NIT
1986,147,1326,79,1256,66,N,0,NIT
1986,147,1461,67,1196,58,N,0,NIT
1986,149,1256,67,1196,62,N,0,NIT
1986,149,1326,73,1461,63,N,0,NIT
1987,137,1114,42,1124,41,H,0,NIT
1987,137,1116,67,1117,64,A,1,NIT
1987,137,1129,62,1428,61,H,0,NIT
1987,137,1143,72,1168,68,H,0,NIT
1987,137,1156,92,1151,73,A,0,NIT
1987,137,1199,107,1348,92,H,0,NIT
1987,137,1229,79,1103,72,H,0,NIT
1987,137,1247,86,1437,84,A,0,NIT
1987,137,1304,78,1266,76,H,0,NIT
1987,137,1310,74,1371,65,H,0,NIT
1987,137,1333,85,1307,82,A,0,NIT
1987,137,1372,70,1241,63,H,0,NIT
1987,137,1379,93,1279,75,H,0,NIT
1987,137,1387,76,1389,60,H,0,NIT
1987,137,1435,74,1239,72,H,0,NIT
1987,137,1449,98,1286,90,A,0,NIT
1987,141,1114,54,1372,48,H,0,NIT
1987,141,1143,65,1333,62,A,0,NIT
1987,141,1229,79,1156,77,A,0,NIT
1987,141,1247,89,1310,81,A,0,NIT
1987,141,1304,78,1116,71,H,0,NIT
1987,141,1379,83,1387,78,A,0,NIT
1987,141,1435,109,1199,92,H,0,NIT
1987,141,1449,73,1129,68,H,0,NIT
1987,145,1114,80,1143,73,H,0,NIT
1987,145,1247,70,1229,50,H,0,NIT
1987,145,1304,81,1449,76,H,0,NIT
1987,145,1379,95,1435,88,A,0,NIT
1987,148,1247,92,1114,73,N,0,NIT
1987,148,1379,82,1304,75,N,0,NIT
1987,150,1304,76,1114,67,N,0,NIT
1987,150,1379,84,1247,80,N,0,NIT
1988,136,1117,70,1419,54,H,0,NIT
1988,136,1130,73,1373,65,H,0,NIT
1988,136,1156,89,1229,83,H,1,NIT
1988,136,1161,63,1309,54,H,0,NIT
1988,136,1163,62,1452,57,A,1,NIT
1988,136,1191,66,1428,55,H,0,NIT
1988,136,1208,53,1204,48,H,0,NIT
1988,136,1222,69,1200,61,H,0,NIT
1988,136,1256,66,1114,56,A,0,NIT
1988,136,1292,85,1397,80,H,0,NIT
1988,136,1307,86,1337,75,H,0,NIT
1988,136,1326,86,1330,73,H,0,NIT
1988,136,1332,81,1365,65,H,0,NIT
1988,136,1379,74,1155,69,H,0,NIT
1988,136,1390,80,1253,77,H,0,NIT
1988,136,1433,81,1267,80,A,0,NIT
1988,140,1117,60,1390,59,A,0,NIT
1988,140,1130,86,1191,81,A,0,NIT
1988,140,1161,71,1222,61,H,0,NIT
1988,140,1163,65,1256,59,H,0,NIT
1988,140,1292,69,1208,54,H,0,NIT
1988,140,1307,78,1332,59,H,0,NIT
1988,140,1326,86,1156,80,H,0,NIT
1988,140,1433,93,1379,89,H,0,NIT
1988,144,1130,78,1292,69,A,0,NIT
1988,144,1161,69,1117,49,H,0,NIT
1988,144,1163,69,1433,60,H,0,NIT
1988,144,1326,68,1307,65,A,0,NIT
1988,148,1163,73,1130,67,N,0,NIT
1988,148,1326,64,1161,62,N,0,NIT
1988,149,1161,58,1130,57,N,0,NIT
1988,149,1163,72,1326,67,N,0,NIT
1989,135,1143,73,1218,57,H,0,NIT
1989,135,1163,67,1150,62,H,0,NIT
1989,135,1277,83,1245,69,H,0,NIT
1989,135,1304,81,1117,79,H,0,NIT
1989,135,1307,91,1365,76,H,0,NIT
1989,135,1326,81,1103,70,H,0,NIT
1989,135,1329,69,1129,55,H,0,NIT
1989,135,1336,89,1293,73,H,0,NIT
1989,135,1337,84,1308,69,A,0,NIT
1989,135,1350,70,1396,56,H,0,NIT
1989,135,1385,70,1279,67,H,0,NIT
1989,135,1387,87,1356,54,H,0,NIT
1989,135,1412,83,1204,74,H,0,NIT
1989,135,1437,76,1389,56,H,0,NIT
1989,135,1455,70,1364,62,H,0,NIT
1989,135,1458,63,1309,61,H,0,NIT
1989,141,1163,73,1143,72,H,0,NIT
1989,141,1277,79,1455,67,H,0,NIT
1989,141,1307,86,1337,69,H,0,NIT
1989,141,1326,85,1304,74,H,0,NIT
1989,141,1385,76,1329,64,H,0,NIT
1989,141,1387,73,1458,68,A,0,NIT
1989,141,1412,64,1350,61,A,0,NIT
1989,141,1437,76,1336,67,H,0,NIT
1989,143,1277,70,1437,63,A,0,NIT
1989,143,1385,83,1326,80,A,1,NIT
1989,143,1387,66,1307,65,A,0,NIT
1989,143,1412,85,1163,79,A,0,NIT
1989,147,1385,76,1412,65,N,0,NIT
1989,147,1387,74,1277,64,N,0,NIT
1989,150,1385,73,1387,65,N,0,NIT
1989,150,1412,78,1277,76,N,1,NIT
1990,136,1153,75,1132,60,H,0,NIT
1990,136,1177,89,1166,72,H,0,NIT
1990,136,1200,106,1380,80,H,0,NIT
1990,136,1218,69,1390,57,H,0,NIT
1990,136,1253,86,1113,71,A,0,NIT
1990,136,1268,91,1269,81,H,0,NIT
1990,136,1280,84,1124,75,H,0,NIT
1990,136,1307,89,1332,78,H,0,NIT
1990,136,1309,78,1241,74,A,0,NIT
1990,136,1329,83,1409,74,H,0,NIT
1990,136,1336,57,1266,54,H,0,NIT
1990,136,1353,87,1221,78,H,0,NIT
1990,136,1387,85,1245,74,H,0,NIT
1990,136,1397,73,1272,71,A,0,NIT
1990,136,1435,98,1256,90,H,1,NIT
1990,136,1453,73,1356,60,A,0,NIT
1990,140,1177,61,1153,59,H,0,NIT
1990,140,1218,84,1253,79,H,0,NIT
1990,140,1307,90,1329,88,H,0,NIT
1990,140,1309,65,1280,60,H,0,NIT
1990,140,1336,80,1268,78,H,0,NIT
1990,140,1353,81,1200,74,H,0,NIT
1990,140,1387,58,1453,54,H,0,NIT
1990,140,1435,89,1397,85,H,0,NIT
1990,142,1307,80,1218,58,H,0,NIT
1990,142,1336,58,1353,55,A,0,NIT
1990,142,1387,54,1177,47,H,0,NIT
1990,142,1435,88,1309,85,H,0,NIT
1990,147,1387,80,1307,73,N,0,NIT
1990,147,1435,75,1336,62,N,0,NIT
1990,149,1336,83,1307,81,N,1,NIT
1990,149,1435,74,1387,72,N,0,NIT
1991,135,1117,78,1349,71,H,0,NIT
1991,135,1153,82,1123,55,H,0,NIT
1991,135,1160,71,1276,64,H,0,NIT
1991,135,1200,76,1378,66,A,0,NIT
1991,135,1269,93,1247,90,H,0,NIT
1991,135,1272,82,1412,76,H,0,NIT
1991,135,1283,57,1164,47,H,0,NIT
1991,135,1328,111,1409,86,H,0,NIT
1991,135,1344,98,1241,93,H,2,NIT
1991,135,1356,75,1129,74,A,0,NIT
1991,135,1373,90,1192,85,H,0,NIT
1991,135,1376,69,1203,63,H,0,NIT
1991,135,1390,93,1222,86,H,0,NIT
1991,135,1452,86,1202,67,H,0,NIT
1991,135,1458,87,1132,79,H,1,NIT
1991,135,1461,63,1139,61,H,0,NIT
1991,140,1117,58,1272,57,A,0,NIT
1991,140,1160,83,1461,75,H,0,NIT
1991,140,1269,78,1200,74,A,0,NIT
1991,140,1328,89,1153,81,H,1,NIT
1991,140,1344,85,1452,79,H,0,NIT
1991,140,1356,72,1283,69,A,0,NIT
1991,140,1373,63,1376,58,H,0,NIT
1991,140,1390,80,1458,72,A,0,NIT
1991,143,1160,81,1117,75,H,0,NIT
1991,143,1269,82,1373,80,A,1,NIT
1991,143,1328,83,1344,74,A,0,NIT
1991,143,1390,78,1356,68,A,0,NIT
1991,147,1328,88,1160,78,N,0,NIT
1991,147,1390,73,1269,71,N,0,NIT
1991,149,1160,98,1269,91,N,0,NIT
1991,149,1390,78,1328,72,N,0,NIT
1992,135,1113,71,1364,65,A,0,NIT
1992,135,1130,78,1356,69,H,0,NIT
1992,135,1196,66,1350,52,H,0,NIT
1992,135,1243,85,1443,74,H,0,NIT
1992,135,1264,67,1453,65,H,0,NIT
1992,135,1307,90,1256,84,H,0,NIT
1992,135,1323,63,1444,56,H,0,NIT
1992,135,1338,67,1336,65,A,0,NIT
1992,135,1345,82,1139,56,H,0,NIT
1992,135,1348,68,1435,63,A,0,NIT
1992,135,1353,73,1241,69,H,0,NIT
1992,135,1395,73,1253,61,H,0,NIT
1992,135,1397,71,1412,68,H,0,NIT
1992,135,1428,72,1123,57,H,0,NIT
1992,135,1438,83,1437,80,A,0,NIT
1992,135,1450,72,1278,70,H,0,NIT
1992,140,1196,77,1338,74,A,0,NIT
1992,140,1264,62,1353,61,A,0,NIT
1992,140,1307,79,1450,71,H,0,NIT
1992,140,1323,64,1243,48,H,0,NIT
1992,140,1345,67,1395,51,H,0,NIT
1992,140,1348,81,1130,80,A,2,NIT
1992,140,1428,80,1113,58,A,0,NIT
1992,140,1438,77,1397,52,H,0,NIT
1992,144,1196,74,1345,67,A,0,NIT
1992,144,1323,74,1264,58,H,0,NIT
1992,144,1428,84,1348,72,H,0,NIT
1992,144,1438,76,1307,71,H,0,NIT
1992,147,1323,58,1428,55,N,0,NIT
1992,147,1438,62,1196,56,N,0,NIT
1992,149,1428,81,1196,78,N,0,NIT
1992,149,1438,81,1323,76,N,0,NIT
1993,135,1130,87,1310,83,A,0,NIT
1993,135,1155,84,1120,72,H,0,NIT
1993,135,1207,78,1113,68,A,0,NIT
1993,135,1238,90,1163,88,A,1,NIT
1993,135,1275,56,1326,53,A,0,NIT
1993,135,1278,74,1196,66,H,0,NIT
1993,135,1283,56,1386,34,H,0,NIT
1993,135,1328,88,1277,86,H,0,NIT
1993,135,1330,74,1433,68,H,0,NIT
1993,135,1337,53,1364,50,A,0,NIT
1993,135,1344,73,1241,61,H,0,NIT
1993,135,1349,77,1458,73,A,0,NIT
1993,135,1412,58,1104,56,A,0,NIT
1993,135,1425,90,1424,74,A,0,NIT
1993,135,1431,67,1222,61,H,0,NIT
1993,135,1452,95,1208,84,H,0,NIT
1993,140,1130,101,1349,68,H,0,NIT
1993,140,1207,71,1431,44,H,0,NIT
1993,140,1275,60,1330,58,H,0,NIT
1993,140,1278,86,1328,72,H,0,NIT
1993,140,1283,70,1238,52,A,0,NIT
1993,140,1344,68,1452,67,H,0,NIT
1993,140,1412,65,1155,64,H,0,NIT
1993,140,1425,71,1337,59,H,0,NIT
1993,142,1207,66,1275,53,H,0,NIT
1993,142,1278,76,1425,58,H,0,NIT
1993,142,1344,75,1130,58,A,0,NIT
1993,142,1412,61,1283,52,H,0,NIT
1993,147,1207,45,1412,41,N,0,NIT
1993,147,1278,76,1344,70,N,0,NIT
1993,149,1278,62,1207,61,N,0,NIT
1993,149,1412,55,1344,52,N,0,NIT
1994,136,1133,66,1293,58,H,0,NIT
1994,136,1140,74,1113,67,H,0,NIT
1994,136,1155,96,1379,85,H,0,NIT
1994,136,1182,75,1150,73,H,0,NIT
1994,136,1201,79,1425,76,H,1,NIT
1994,136,1211,80,1390,76,A,0,NIT
1994,136,1243,78,1280,69,H,0,NIT
1994,136,1309,79,1401,73,H,0,NIT
1994,136,1321,69,1177,68,H,0,NIT
1994,136,1330,76,1264,74,H,0,NIT
1994,136,1373,76,1210,68,H,0,NIT
1994,136,1408,76,1191,63,A,0,NIT
1994,136,1435,77,1328,67,A,0,NIT
1994,136,1437,103,1145,79,H,0,NIT
1994,136,1452,85,1172,69,H,0,NIT
1994,136,1462,80,1275,68,H,0,NIT
1994,140,1133,79,1330,75,H,0,NIT
1994,140,1155,96,1452,79,A,0,NIT
1994,140,1201,68,1140,66,H,0,NIT
1994,140,1243,66,1211,64,H,0,NIT
1994,140,1373,89,1408,79,H,0,NIT
1994,140,1435,78,1309,59,H,0,NIT
1994,140,1437,82,1182,66,A,0,NIT
1994,140,1462,83,1321,79,A,1,NIT
1994,142,1243,115,1201,77,H,0,NIT
1994,142,1373,75,1133,62,H,0,NIT
1994,142,1435,89,1155,74,H,0,NIT
1994,142,1437,76,1462,74,H,0,NIT
1994,147,1435,82,1243,76,N,0,NIT
1994,147,1437,66,1373,58,N,0,NIT
1994,149,1373,92,1243,79,N,0,NIT
1994,149,1437,80,1435,73,N,0,NIT
1995,137,1133,86,1185,85,H,2,NIT
1995,137,1145,83,1371,71,H,0,NIT
1995,137,1164,75,1386,68,A,1,NIT
1995,137,1229,93,1429,87,A,1,NIT
1995,137,1234,96,1177,87,H,0,NIT
1995,137,1266,68,1120,61,A,0,NIT
1995,137,1304,69,1208,61,H,0,NIT
1995,137,1308,97,1160,83,H,0,NIT
1995,137,1325,83,1203,71,H,0,NIT
1995,137,1336,62,1274,56,H,0,NIT
1995,137,1344,72,1158,67,H,0,NIT
1995,137,1378,74,1385,67,H,0,NIT
1995,137,1382,75,1379,70,H,0,NIT
1995,137,1431,90,1285,60,H,0,NIT
1995,137,1439,62,1155,54,H,0,NIT
1995,137,1450,94,1403,82,H,0,NIT
1995,140,1145,55,1133,53,A,0,NIT
1995,140,1234,66,1325,62,H,0,NIT
1995,140,1266,70,1382,61,H,0,NIT
1995,140,1308,92,1431,89,A,0,NIT
1995,140,1336,65,1304,59,A,0,NIT
1995,140,1378,75,1164,59,H,0,NIT
1995,140,1439,91,1344,78,A,0,NIT
1995,140,1450,83,1229,80,A,0,NIT
1995,142,1145,99,1450,80,H,0,NIT
1995,142,1266,67,1378,60,H,1,NIT
1995,142,1336,67,1234,64,A,0,NIT
1995,142,1439,64,1308,61,H,0,NIT
1995,147,1266,87,1336,79,N,0,NIT
1995,147,1439,71,1145,59,N,0,NIT
1995,149,1336,66,1145,62,N,0,NIT
1995,149,1439,65,1266,64,N,1,NIT
1996,135,1104,72,1228,69,A,0,NIT
1996,135,1158,55,1397,49,A,0,NIT
1996,135,1201,58,1275,57,H,0,NIT
1996,135,1229,73,1291,49,H,0,NIT
1996,135,1277,64,1449,50,H,0,NIT
1996,135,1278,68,1387,52,H,0,NIT
1996,135,1281,89,1293,85,H,0,NIT
1996,135,1348,82,1265,77,H,0,NIT
1996,135,1376,100,1172,73,H,0,NIT
1996,135,1408,87,1120,73,A,0,NIT
1996,135,1435,86,1114,80,H,0,NIT
1996,135,1458,55,1264,42,H,0,NIT
1996,136,1304,91,1161,83,A,0,NIT
1996,136,1386,82,1233,78,A,0,NIT
1996,136,1450,92,1211,73,H,0,NIT
1996,137,1344,91,1193,79,A,0,NIT
1996,140,1104,72,1281,49,H,0,NIT
1996,140,1229,77,1458,62,A,0,NIT
1996,140,1376,80,1435,70,H,0,NIT
1996,140,1408,84,1278,65,A,0,NIT
1996,141,1201,80,1277,70,H,0,NIT
1996,141,1304,82,1450,73,H,0,NIT
1996,141,1348,62,1158,58,H,0,NIT
1996,141,1386,82,1344,62,A,0,NIT
1996,142,1104,68,1376,67,A,0,NIT
1996,142,1408,83,1229,72,H,0,NIT
1996,143,1386,76,1348,59,H,0,NIT
1996,144,1304,83,1201,71,A,0,NIT
1996,148,1304,90,1408,78,N,0,NIT
1996,148,1386,74,1104,69,N,0,NIT
1996,150,1304,60,1386,56,N,0,NIT
1996,150,1408,87,1104,76,N,0,NIT
1997,135,1116,101,1319,75,H,0,NIT
1997,135,1133,66,1180,53,H,0,NIT
1997,135,1163,71,1233,66,H,0,NIT
1997,135,1199,82,1393,67,A,0,NIT
1997,135,1218,71,1332,61,H,0,NIT
1997,135,1277,65,1203,50,H,0,NIT
1997,135,1301,77,1283,66,H,0,NIT
1997,135,1304,67,1449,63,H,0,NIT
1997,135,1305,97,1201,86,A,0,NIT
1997,135,1323,74,1331,58,H,0,NIT
1997,135,1338,82,1309,63,H,0,NIT
1997,135,1395,85,1412,62,H,0,NIT
1997,135,1424,66,1272,62,H,0,NIT
1997,135,1452,98,1132,95,H,0,NIT
1997,136,1276,76,1274,63,H,0,NIT
1997,136,1329,79,1408,72,H,0,NIT
1997,140,1116,76,1338,71,H,0,NIT
1997,140,1199,68,1277,63,H,0,NIT
1997,140,1424,89,1218,80,H,0,NIT
1997,140,1452,76,1301,73,A,0,NIT
1997,141,1163,63,1133,47,H,0,NIT
1997,141,1276,75,1329,65,H,0,NIT
1997,141,1304,78,1305,68,A,0,NIT
1997,141,1323,82,1395,72,H,0,NIT
1997,142,1116,86,1424,73,H,0,NIT
1997,142,1199,76,1452,71,A,0,NIT
1997,143,1276,67,1323,66,A,0,NIT
1997,144,1163,76,1304,67,H,0,NIT
1997,148,1199,71,1163,65,N,0,NIT
1997,148,1276,77,1116,62,N,0,NIT
1997,150,1163,74,1116,64,N,0,NIT
1997,150,1276,82,1199,73,N,0,NIT
1998,135,1120,77,1379,62,H,0,NIT
1998,135,1173,95,1254,92,H,0,NIT
1998,135,1201,73,1334,70,A,0,NIT
1998,135,1207,71,1196,69,A,0,NIT
1998,135,1208,100,1234,93,A,0,NIT
1998,135,1210,88,1371,78,H,0,NIT
1998,135,1211,69,1461,55,A,0,NIT
1998,135,1218,90,1113,73,H,0,NIT
1998,135,1266,80,1166,68,H,0,NIT
1998,135,1272,90,1123,67,H,0,NIT
1998,135,1278,77,1161,65,H,0,NIT
1998,135,1301,59,1243,39,H,0,NIT
1998,135,1336,82,1351,68,H,0,NIT
1998,135,1412,93,1281,86,A,0,NIT
1998,135,1435,73,1382,61,H,0,NIT
1998,136,1448,56,1423,52,H,0,NIT
1998,140,1201,83,1272,80,H,0,NIT
1998,140,1210,80,1207,79,H,0,NIT
1998,140,1218,78,1211,70,H,0,NIT
1998,140,1266,75,1120,60,H,0,NIT
1998,140,1278,79,1412,66,H,0,NIT
1998,140,1336,77,1173,74,A,0,NIT
1998,141,1208,61,1301,55,A,0,NIT
1998,141,1435,72,1448,68,A,0,NIT
1998,142,1278,73,1266,71,H,0,NIT
1998,142,1336,75,1210,70,A,0,NIT
1998,143,1201,85,1218,83,A,0,NIT
1998,143,1208,79,1435,65,H,0,NIT
1998,148,1278,91,1201,89,N,0,NIT
1998,148,1336,66,1208,60,N,0,NIT
1998,150,1208,95,1201,79,N,0,NIT
1998,150,1278,79,1336,72,N,0,NIT
1999,135,1139,51,1133,50,A,0,NIT
1999,135,1143,79,1201,71,H,0,NIT
1999,135,1155,77,1208,57,H,0,NIT
1999,135,1160,65,1337,61,H,0,NIT
1999,135,1161,69,1280,56,H,0,NIT
1999,135,1177,69,1321,64,H,0,NIT
1999,135,1301,92,1344,86,H,0,NIT
1999,135,1304,68,1424,55,H,0,NIT
1999,135,1330,75,1371,56,H,0,NIT
1999,135,1332,67,1210,64,H,0,NIT
1999,135,1343,54,1207,47,H,0,NIT
1999,135,1353,58,1220,45,H,0,NIT
1999,135,1395,72,1243,71,A,0,NIT
1999,135,1448,73,1104,57,H,0,NIT
1999,135,1461,81,1425,77,H,0,NIT
1999,135,1462,86,1405,84,A,0,NIT
1999,140,1139,75,1330,62,H,0,NIT
1999,140,1332,93,1461,72,H,0,NIT
1999,140,1343,61,1301,58,A,0,NIT
1999,140,1395,101,1304,89,H,0,NIT
1999,140,1462,87,1448,76,H,0,NIT
1999,141,1143,58,1177,57,A,0,NIT
1999,141,1155,78,1353,68,A,0,NIT
1999,141,1161,86,1160,76,H,0,NIT
1999,142,1332,77,1395,68,A,0,NIT
1999,142,1462,65,1343,58,H,0,NIT
1999,143,1143,71,1161,62,H,0,NIT
1999,143,1155,89,1139,69,H,0,NIT
1999,148,1143,85,1332,69,N,0,NIT
1999,148,1155,79,1462,76,N,0,NIT
1999,150,1143,61,1155,60,N,0,NIT
1999,150,1462,106,1332,75,N,0,NIT
2000,134,1301,64,1408,60,H,0,NIT
2000,134,1448,83,1435,68,A,0,NIT
2000,135,1113,83,1308,77,H,0,NIT
2000,135,1140,81,1132,54,H,0,NIT
2000,135,1143,70,1253,66,H,0,NIT
2000,135,1207,115,1438,111,A,0,NIT
2000,135,1279,62,1150,45,H,0,NIT
2000,135,1307,64,1378,58,H,0,NIT
2000,135,1323,75,1276,65,H,0,NIT
2000,135,1336,55,1343,41,H,0,NIT
2000,135,1437,72,1174,63,H,0,NIT
2000,135,1462,67,1266,63,H,0,NIT
2000,136,1245,73,1353,62,H,0,NIT
2000,136,1283,77,1374,64,H,0,NIT
2000,136,1356,94,1160,92,A,0,NIT
2000,136,1373,66,1269,65,H,0,NIT
2000,140,1140,82,1356,57,H,0,NIT
2000,140,1245,81,1437,67,A,0,NIT
2000,140,1323,76,1462,64,H,0,NIT
2000,140,1336,105,1373,103,H,0,NIT
2000,141,1143,60,1207,49,H,0,NIT
2000,141,1279,70,1283,48,H,0,NIT
2000,141,1301,60,1113,57,H,0,NIT
2000,141,1448,72,1307,65,H,0,NIT
2000,142,1323,64,1140,52,H,0,NIT
2000,142,1336,81,1245,74,H,0,NIT
2000,143,1301,77,1279,54,H,0,NIT
2000,144,1448,76,1143,59,H,0,NIT
2000,148,1323,73,1336,52,N,0,NIT
2000,148,1448,62,1301,59,N,0,NIT
2000,150,1336,74,1301,72,N,0,NIT
2000,150,1448,71,1323,61,N,0,NIT
2001,134,1104,85,1371,79,H,0,NIT
2001,134,1272,71,1428,62,A,0,NIT
2001,135,1120,60,1274,58,H,0,NIT
2001,135,1163,72,1376,65,H,0,NIT
2001,135,1173,68,1423,59,H,0,NIT
2001,135,1178,68,1133,49,A,0,NIT
2001,135,1278,87,1437,78,H,0,NIT
2001,135,1280,75,1379,68,H,0,NIT
2001,135,1307,83,1124,73,H,0,NIT
2001,135,1337,72,1461,69,A,0,NIT
2001,135,1338,84,1382,75,H,0,NIT
2001,135,1345,90,1229,79,H,0,NIT
2001,135,1409,75,1414,71,H,0,NIT
2001,135,1431,84,1270,74,H,0,NIT
2001,136,1405,76,1375,67,H,0,NIT
2001,137,1350,79,1452,56,H,0,NIT
2001,139,1178,67,1163,61,A,0,NIT
2001,140,1173,71,1350,56,H,0,NIT
2001,140,1280,66,1338,61,A,0,NIT
2001,140,1409,76,1278,73,A,0,NIT
2001,141,1104,79,1405,69,H,0,NIT
2001,141,1272,90,1431,65,H,0,NIT
2001,141,1307,81,1337,78,H,0,NIT
2001,141,1345,79,1120,61,H,0,NIT
2001,142,1178,59,1173,42,A,0,NIT
2001,142,1409,77,1280,75,A,0,NIT
2001,143,1272,81,1307,63,H,0,NIT
2001,144,1104,85,1345,77,A,0,NIT
2001,148,1104,74,1178,63,N,0,NIT
2001,148,1409,72,1272,64,N,0,NIT
2001,150,1272,86,1178,71,N,0,NIT
2001,150,1409,79,1104,60,N,0,NIT
2002,134,1123,98,1378,92,H,0,NIT
2002,134,1257,66,1343,65,H,0,NIT
2002,134,1286,77,1429,69,A,0,NIT
2002,134,1386,73,1206,64,A,0,NIT
2002,134,1424,96,1113,91,H,0,NIT
2002,135,1173,80,1178,69,H,0,NIT
2002,135,1256,83,1418,63,H,0,NIT
2002,135,1261,63,1234,61,A,0,NIT
2002,135,1278,96,1307,62,H,0,NIT
2002,135,1350,74,1447,67,H,0,NIT
2002,135,1376,74,1438,67,A,0,NIT
2002,135,1393,76,1382,66,H,0,NIT
2002,135,1396,81,1201,75,A,0,NIT
2002,135,1399,64,1209,62,H,0,NIT
2002,135,1435,59,1222,50,H,0,NIT
2002,136,1139,81,1132,69,H,0,NIT
2002,136,1140,78,1414,55,H,0,NIT
2002,136,1272,82,1422,62,H,0,NIT
2002,136,1437,84,1264,69,H,0,NIT
2002,136,1463,67,1353,65,A,0,NIT
2002,137,1123,76,1386,54,A,0,NIT
2002,137,1256,83,1435,68,H,0,NIT
2002,137,1399,68,1173,59,A,0,NIT
2002,138,1350,63,1286,48,H,0,NIT
2002,140,1350,67,1278,66,A,0,NIT
2002,140,1393,66,1139,65,H,0,NIT
2002,141,1123,75,1261,65,A,0,NIT
2002,141,1376,75,1424,65,H,0,NIT
2002,141,1396,65,1257,62,A,0,NIT
2002,141,1399,80,1463,61,A,0,NIT
2002,141,1437,67,1256,64,H,0,NIT
2002,142,1272,80,1140,69,H,0,NIT
2002,142,1393,62,1350,46,A,0,NIT
2002,143,1376,82,1123,47,H,0,NIT
2002,144,1396,63,1437,57,H,0,NIT
2002,145,1272,79,1399,73,H,0,NIT
2002,148,1272,78,1396,77,N,0,NIT
2002,148,1376,66,1393,59,N,0,NIT
2002,150,1272,72,1376,62,N,0,NIT
2002,150,1396,65,1393,54,N,0,NIT
2003,133,1234,62,1434,60,H,0,NIT
2003,134,1130,90,1193,78,A,0,NIT
2003,134,1207,70,1397,60,A,0,NIT
2003,134,1314,83,1177,72,H,0,NIT
2003,134,1373,74,1437,59,H,0,NIT
2003,134,1396,68,1180,59,H,0,NIT
2003,135,1158,71,1245,66,A,0,NIT
2003,135,1210,72,1326,58,H,0,NIT
2003,135,1218,85,1424,68,A,0,NIT
2003,135,1235,76,1455,65,H,0,NIT
2003,135,1278,62,1387,52,A,0,NIT
2003,135,1344,67,1350,49,A,0,NIT
2003,135,1348,61,1371,60,H,0,NIT
2003,135,1361,67,1364,62,H,0,NIT
2003,135,1385,62,1131,57,H,0,NIT
2003,135,1403,66,1305,54,H,0,NIT
2003,135,1412,82,1418,80,H,0,NIT
2003,135,1438,89,1135,73,H,0,NIT
2003,135,1444,63,1227,62,H,0,NIT
2003,136,1461,78,1186,71,H,0,NIT
2003,137,1234,54,1235,53,A,0,NIT
2003,137,1396,75,1130,62,N,0,NIT
2003,137,1403,57,1361,48,H,0,NIT
2003,138,1344,69,1158,64,H,0,NIT
2003,139,1373,68,1444,62,H,0,NIT
2003,140,1207,67,1344,58,A,0,NIT
2003,140,1210,79,1234,78,A,0,NIT
2003,140,1278,84,1218,70,H,0,NIT
2003,140,1314,90,1461,74,H,0,NIT
2003,140,1385,73,1438,63,H,0,NIT
2003,141,1396,61,1348,53,A,0,NIT
2003,141,1412,80,1373,71,A,0,NIT
2003,142,1207,79,1314,74,A,0,NIT
2003,142,1403,80,1210,72,H,0,NIT
2003,143,1278,63,1396,58,A,0,NIT
2003,143,1385,79,1412,71,H,0,NIT
2003,148,1207,88,1278,74,N,0,NIT
2003,148,1385,64,1403,63,H,0,NIT
2003,150,1385,70,1207,67,H,0,NIT
2003,150,1403,71,1278,61,N,0,NIT
2004,133,1266,87,1405,72,H,0,NIT
2004,134,1276,65,1281,64,H,0,NIT
2004,134,1304,71,1166,70,A,0,NIT
2004,134,1387,70,1234,69,H,0,NIT
2004,135,1122,65,1125,59,H,0,NIT
2004,135,1129,84,1424,69,H,0,NIT
2004,135,1199,91,1455,84,A,0,NIT
2004,135,1206,58,1397,55,H,0,NIT
2004,135,1218,85,1429,74,A,0,NIT
2004,135,1235,82,1208,74,H,0,NIT
2004,135,1310,87,1407,83,H,0,NIT
2004,135,1323,71,1345,59,H,0,NIT
2004,135,1328,70,1261,61,H,0,NIT
2004,135,1332,77,1160,72,H,0,NIT
2004,135,1348,80,1131,52,H,0,NIT
2004,135,1353,76,1396,71,H,0,NIT
2004,135,1437,85,1180,70,H,0,NIT
2004,135,1438,79,1203,66,H,0,NIT
2004,135,1452,65,1245,54,A,0,NIT
2004,135,1454,91,1349,63,H,0,NIT
2004,137,1206,66,1122,60,H,0,NIT
2004,137,1304,78,1310,70,H,0,NIT
2004,137,1452,79,1348,72,H,0,NIT
2004,138,1129,73,1454,70,H,0,NIT
2004,138,1437,73,1438,63,H,0,NIT
2004,140,1218,84,1304,83,H,0,NIT
2004,140,1276,63,1328,52,H,0,NIT
2004,140,1323,77,1387,66,N,0,NIT
2004,140,1353,67,1452,64,H,0,NIT
2004,141,1235,62,1199,59,A,0,NIT
2004,141,1266,66,1129,53,H,0,NIT
2004,141,1332,68,1206,54,H,0,NIT
2004,142,1276,88,1218,73,H,0,NIT
2004,142,1353,72,1437,60,H,0,NIT
2004,143,1235,77,1266,69,H,0,NIT
2004,143,1332,65,1323,61,A,0,NIT
2004,148,1276,78,1332,53,N,0,NIT
2004,148,1353,84,1235,81,N,0,NIT
2004,150,1276,62,1353,55,N,0,NIT
2005,133,1444,54,1266,40,A,0,NIT
2005,134,1177,75,1281,70,A,0,NIT
2005,134,1221,78,1323,73,A,0,NIT
2005,134,1376,69,1274,67,H,0,NIT
2005,134,1439,60,1396,50,H,0,NIT
2005,135,1138,81,1180,76,H,1,NIT
2005,135,1168,85,1333,83,A,1,NIT
2005,135,1172,77,1433,62,A,0,NIT
2005,135,1207,64,1131,34,H,0,NIT
2005,135,1268,85,1331,72,H,0,NIT
2005,135,1272,90,1318,65,H,0,NIT
2005,135,1283,105,1349,82,H,0,NIT
2005,135,1362,69,1176,67,H,0,NIT
2005,135,1386,53,1220,44,H,0,NIT
2005,135,1395,60,1275,58,A,0,NIT
2005,135,1401,82,1155,74,H,0,NIT
2005,135,1435,67,1231,60,A,0,NIT
2005,135,1443,88,1245,80,H,1,NIT
2005,135,1455,85,1222,69,H,0,NIT
2005,136,1424,89,1113,78,H,0,NIT
2005,137,1168,85,1362,69,A,0,NIT
2005,138,1172,82,1283,71,A,0,NIT
2005,138,1272,83,1439,62,H,0,NIT
2005,138,1386,55,1138,50,H,0,NIT
2005,138,1401,75,1177,72,A,0,NIT
2005,138,1455,84,1443,81,H,0,NIT
2005,140,1386,68,1221,60,H,0,NIT
2005,140,1395,78,1444,76,A,0,NIT
2005,140,1435,65,1455,63,H,0,NIT
2005,141,1207,74,1168,57,H,0,NIT
2005,141,1376,77,1424,66,H,0,NIT
2005,142,1268,78,1172,63,H,0,NIT
2005,142,1272,81,1435,68,H,0,NIT
2005,142,1386,58,1401,51,A,0,NIT
2005,143,1376,69,1207,66,H,0,NIT
2005,145,1268,85,1395,73,H,0,NIT
2005,148,1376,75,1268,67,N,0,NIT
2005,148,1386,70,1272,58,N,0,NIT
2005,150,1376,60,1386,57,N,0,NIT
2006,134,1103,80,1396,73,A,1,NIT
2006,134,1139,53,1275,52,H,0,NIT
2006,134,1150,77,1204,61,H,0,NIT
2006,134,1175,58,1319,53,A,0,NIT
2006,134,1264,80,1192,77,H,0,NIT
2006,134,1353,76,1336,71,A,0,NIT
2006,134,1390,65,1438,49,H,0,NIT
2006,134,1431,85,1252,66,H,0,NIT
2006,135,1155,69,1256,53,H,0,NIT
2006,135,1222,77,1140,67,H,0,NIT
2006,135,1274,62,1329,59,H,0,NIT
2006,135,1278,73,1448,58,H,0,NIT
2006,135,1323,79,1435,69,H,0,NIT
2006,135,1330,79,1160,61,A,0,NIT
2006,135,1376,74,1443,55,H,0,NIT
2006,136,1166,71,1103,60,H,0,NIT
2006,136,1220,73,1304,62,H,0,NIT
2006,136,1276,82,1431,67,H,0,NIT
2006,136,1386,71,1353,62,H,0,NIT
2006,137,1153,86,1150,80,H,0,NIT
2006,137,1199,67,1139,63,H,0,NIT
2006,137,1257,71,1175,54,H,0,NIT
2006,137,1283,76,1390,67,H,0,NIT
2006,138,1264,87,1268,84,A,0,NIT
2006,140,1220,77,1386,75,A,1,NIT
2006,140,1257,74,1155,68,H,0,NIT
2006,140,1274,53,1166,52,A,0,NIT
2006,140,1276,87,1323,84,H,2,NIT
2006,140,1283,60,1222,59,H,0,NIT
2006,140,1330,70,1264,66,H,0,NIT
2006,141,1153,76,1278,62,H,0,NIT
2006,141,1376,69,1199,68,A,1,NIT
2006,142,1257,74,1283,56,H,0,NIT
2006,142,1276,71,1274,65,H,0,NIT
2006,142,1330,61,1220,51,A,0,NIT
2006,143,1376,65,1153,62,A,0,NIT
2006,148,1276,66,1330,43,N,0,NIT
2006,148,1376,78,1257,63,N,0,NIT
2006,150,1376,76,1276,64,N,0,NIT
2007,134,1199,77,1405,61,H,0,NIT
2007,134,1265,67,1329,64,A,0,NIT
2007,134,1269,89,1104,87,H,1,NIT
2007,134,1276,68,1429,58,H,0,NIT
2007,134,1280,82,1290,63,H,0,NIT
2007,134,1301,63,1180,56,A,0,NIT
2007,134,1452,74,1175,50,H,0,NIT
2007,135,1102,75,1122,51,H,0,NIT
2007,135,1133,90,1344,78,H,1,NIT
2007,135,1155,64,1190,57,H,0,NIT
2007,135,1177,83,1220,71,H,0,NIT
2007,135,1208,88,1201,78,H,0,NIT
2007,135,1243,59,1436,57,H,0,NIT
2007,135,1279,73,1111,59,H,0,NIT
2007,135,1361,74,1283,70,A,0,NIT
2007,135,1393,79,1375,73,H,0,NIT
2007,136,1199,87,1276,66,H,0,NIT
2007,136,1452,90,1269,77,H,0,NIT
2007,137,1301,69,1265,62,H,0,NIT
2007,138,1280,101,1133,72,H,0,NIT
2007,140,1102,83,1208,52,H,0,NIT
2007,140,1155,89,1279,68,H,0,NIT
2007,140,1177,70,1243,65,A,0,NIT
2007,140,1393,80,1361,64,H,0,NIT
2007,141,1280,86,1199,71,H,0,NIT
2007,141,1452,71,1301,66,H,0,NIT
2007,142,1102,52,1177,51,H,0,NIT
2007,142,1155,74,1393,70,H,0,NIT
2007,148,1155,68,1102,67,N,0,NIT
2007,148,1452,63,1280,62,N,0,NIT
2007,150,1452,78,1155,73,N,0,NIT
2008,134,1222,80,1305,79,A,0,CBI
2008,134,1325,80,1135,74,H,0,CBI
2008,134,1330,68,1351,65,H,0,CBI
2008,134,1438,66,1350,64,H,0,CBI
2008,135,1133,70,1153,67,H,0,CBI
2008,135,1409,61,1275,45,H,0,CBI
2008,135,1428,81,1431,69,A,0,CBI
2008,135,1434,72,1449,71,A,0,CBI
2008,140,1133,79,1325,73,H,0,CBI
2008,140,1222,91,1434,67,H,0,CBI
2008,140,1409,69,1428,60,H,0,CBI
2008,140,1438,80,1330,76,H,0,CBI
2008,142,1133,96,1438,85,A,0,CBI
2008,142,1409,73,1222,69,H,0,CBI
2008,147,1409,73,1133,68,H,0,CBI
2008,149,1133,83,1409,74,H,0,CBI
2008,151,1409,70,1133,64,H,0,CBI
2008,134,1103,65,1199,60,A,1,NIT
2008,134,1113,64,1106,53,H,0,NIT
2008,134,1166,74,1348,73,H,0,NIT
2008,134,1268,68,1278,58,A,0,NIT
2008,134,1269,80,1372,60,H,0,NIT
2008,134,1326,84,1421,66,H,0,NIT
2008,134,1356,69,1329,53,H,0,NIT
2008,134,1393,87,1352,81,H,0,NIT
2008,135,1143,68,1307,66,H,0,NIT
2008,135,1173,66,1156,57,H,0,NIT
2008,135,1196,73,1361,49,H,0,NIT
2008,135,1229,61,1429,57,H,0,NIT
2008,135,1279,83,1364,68,H,0,NIT
2008,135,1304,67,1150,48,H,0,NIT
2008,135,1412,80,1433,77,A,0,NIT
2008,135,1439,94,1288,62,H,0,NIT
2008,136,1113,65,1356,51,H,0,NIT
2008,136,1393,88,1268,72,H,0,NIT
2008,137,1196,82,1166,54,H,0,NIT
2008,138,1269,68,1103,63,H,0,NIT
2008,140,1173,55,1229,48,A,0,NIT
2008,140,1279,85,1304,75,H,1,NIT
2008,140,1326,73,1143,56,H,0,NIT
2008,140,1439,75,1412,49,H,0,NIT
2008,141,1196,70,1113,57,A,0,NIT
2008,141,1269,81,1393,77,A,0,NIT
2008,142,1279,81,1439,72,A,0,NIT
2008,142,1326,74,1173,63,H,0,NIT
2008,148,1269,78,1196,66,N,0,NIT
2008,148,1326,81,1279,69,N,0,NIT
2008,150,1326,92,1269,85,N,0,NIT
2009,134,1318,64,1461,62,A,0,CBI
2009,134,1431,79,1305,77,A,0,CBI
2009,135,1158,93,1407,91,A,0,CBI
2009,135,1333,49,1222,45,H,0,CBI
2009,135,1350,75,1385,69,H,0,CBI
2009,135,1390,96,1129,76,H,0,CBI
2009,135,1436,76,1453,72,A,0,CBI
2009,135,1455,84,1138,73,H,0,CBI
2009,140,1333,71,1436,70,H,1,CBI
2009,140,1350,74,1158,72,H,0,CBI
2009,140,1390,70,1455,56,A,0,CBI
2009,140,1431,75,1318,66,H,0,CBI
2009,142,1333,65,1390,62,H,1,CBI
2009,142,1431,81,1350,69,A,0,CBI
2009,147,1333,75,1431,69,H,0,CBI
2009,149,1431,70,1333,63,H,0,CBI
2009,151,1333,81,1431,73,A,0,CBI
2009,134,1251,79,1351,64,H,0,CIT
2009,134,1324,80,1245,74,H,0,CIT
2009,135,1125,92,1191,76,A,0,CIT
2009,135,1133,81,1122,74,H,0,CIT
2009,135,1225,69,1179,67,H,0,CIT
2009,135,1241,69,1291,58,H,0,CIT
2009,135,1334,82,1339,76,H,0,CIT
2009,136,1330,67,1154,59,H,0,CIT
2009,140,1133,76,1324,75,H,0,CIT
2009,140,1241,88,1251,65,A,0,CIT
2009,140,1330,70,1125,62,H,0,CIT
2009,140,1334,69,1225,59,H,0,CIT
2009,142,1133,59,1334,49,H,0,CIT
2009,143,1330,81,1241,43,H,0,CIT
2009,148,1330,66,1133,62,A,0,CIT
2009,134,1172,70,1376,63,A,0,NIT
2009,134,1246,70,1424,60,H,0,NIT
2009,134,1307,83,1304,71,H,0,NIT
2009,134,1323,70,1412,64,H,0,NIT
2009,134,1336,77,1206,73,H,1,NIT
2009,134,1348,68,1310,62,A,0,NIT
2009,134,1361,65,1451,49,H,0,NIT
2009,134,1388,68,1450,57,H,0,NIT
2009,135,1120,87,1404,82,H,0,NIT
2009,135,1124,74,1207,72,H,0,NIT
2009,135,1166,73,1132,71,H,0,NIT
2009,135,1196,84,1239,62,H,0,NIT
2009,135,1243,83,1229,79,H,1,NIT
2009,135,1274,78,1344,66,A,0,NIT
2009,135,1409,68,1321,59,H,0,NIT
2009,135,1439,116,1182,108,H,2,NIT
2009,136,1323,70,1307,68,H,0,NIT
2009,136,1336,83,1348,72,H,0,NIT
2009,137,1120,74,1409,55,H,0,NIT
2009,137,1196,74,1274,60,H,0,NIT
2009,137,1361,70,1243,52,H,0,NIT
2009,138,1124,84,1439,66,A,0,NIT
2009,140,1246,65,1166,63,A,0,NIT
2009,140,1388,80,1172,68,H,0,NIT
2009,141,1124,74,1120,72,A,0,NIT
2009,141,1336,71,1196,62,A,0,NIT
2009,142,1323,77,1246,67,H,0,NIT
2009,142,1361,70,1388,66,H,0,NIT
2009,148,1124,76,1361,62,N,0,NIT
2009,148,1336,67,1323,59,N,0,NIT
2009,150,1336,69,1124,63,N,0,NIT
2010,134,1387,63,1232,54,H,0,CBI
2010,134,1433,79,1203,73,A,0,CBI
2010,135,1131,96,1333,78,A,0,CBI
2010,135,1158,82,1184,79,A,0,CBI
2010,135,1237,74,1220,60,A,0,CBI
2010,135,1287,74,1161,60,H,0,CBI
2010,135,1343,65,1182,51,H,0,CBI
2010,135,1453,70,1103,66,A,0,CBI
2010,140,1131,91,1287,89,H,1,CBI
2010,140,1343,74,1237,68,A,2,CBI
2010,140,1387,68,1453,62,H,2,CBI
2010,140,1433,93,1158,86,H,0,CBI
2010,142,1387,69,1343,59,H,0,CBI
2010,142,1433,88,1131,75,H,0,CBI
2010,147,1433,68,1387,56,H,0,CBI
2010,149,1433,71,1387,65,A,0,CBI
2010,134,1166,89,1377,78,H,0,CIT
2010,134,1193,101,1206,96,A,1,CIT
2010,134,1267,90,1441,88,H,0,CIT
2010,135,1111,93,1217,71,H,0,CIT
2010,135,1283,87,1292,79,H,0,CIT
2010,135,1294,81,1339,73,H,0,CIT
2010,135,1334,86,1258,76,A,0,CIT
2010,136,1256,66,1379,57,H,0,CIT
2010,140,1111,80,1267,72,A,0,CIT
2010,140,1166,73,1193,55,H,0,CIT
2010,140,1283,69,1256,40,H,0,CIT
2010,140,1334,63,1294,59,A,0,CIT
2010,142,1283,67,1166,61,H,0,CIT
2010,143,1334,64,1111,56,A,0,CIT
2010,148,1283,78,1334,65,H,0,CIT
2010,134,1163,59,1318,57,H,0,NIT
2010,134,1239,67,1113,66,A,0,NIT
2010,134,1280,81,1238,67,H,0,NIT
2010,134,1301,58,1378,57,A,0,NIT
2010,134,1314,80,1456,72,H,0,NIT
2010,134,1403,87,1371,69,A,0,NIT
2010,134,1412,65,1157,49,H,0,NIT
2010,135,1153,76,1451,62,H,0,NIT
2010,135,1173,63,1229,42,H,0,NIT
2010,135,1228,76,1392,66,A,0,NIT
2010,135,1245,75,1409,74,H,0,NIT
2010,135,1272,73,1385,71,H,0,NIT
2010,135,1279,84,1407,65,H,0,NIT
2010,135,1305,74,1455,70,A,0,NIT
2010,135,1348,76,1321,64,H,0,NIT
2010,135,1439,81,1346,61,H,0,NIT
2010,137,1279,90,1272,81,H,0,NIT
2010,138,1314,76,1280,74,A,0,NIT
2010,138,1403,69,1239,64,H,0,NIT
2010,138,1412,72,1301,52,H,0,NIT
2010,140,1173,81,1153,66,A,0,NIT
2010,140,1228,75,1245,58,H,0,NIT
2010,140,1348,85,1305,83,H,0,NIT
2010,140,1439,65,1163,63,H,0,NIT
2010,141,1279,90,1403,87,H,2,NIT
2010,141,1314,60,1412,55,A,0,NIT
2010,142,1173,77,1228,71,A,0,NIT
2010,142,1348,79,1439,72,A,0,NIT
2010,148,1173,68,1279,63,N,0,NIT
2010,148,1314,68,1348,67,N,1,NIT
2010,150,1173,79,1314,68,N,0,NIT
2011,134,1129,83,1122,80,H,0,CBI
2011,134,1166,85,1363,74,H,0,CBI
2011,134,1172,85,1241,65,H,0,CBI
2011,134,1191,77,1220,70,H,0,CBI
2011,135,1182,87,1285,76,A,0,CBI
2011,135,1332,68,1451,59,H,0,CBI
2011,135,1348,76,1275,59,H,0,CBI
2011,135,1416,69,1382,54,H,0,CBI
2011,140,1129,75,1191,69,H,0,CBI
2011,140,1166,102,1172,92,H,0,CBI
2011,140,1332,77,1182,75,H,0,CBI
2011,140,1416,66,1348,54,H,0,CBI
2011,142,1166,82,1416,64,H,0,CBI
2011,142,1332,79,1129,71,H,0,CBI
2011,147,1166,84,1332,76,H,0,CBI
2011,149,1332,71,1166,58,H,0,CBI
2011,151,1332,71,1166,69,H,0,CBI
2011,133,1138,75,1346,68,N,0,CIT
2011,134,1102,77,1315,67,H,0,CIT
2011,134,1190,76,1202,63,H,0,CIT
2011,134,1218,76,1339,64,H,0,CIT
2011,134,1239,71,1187,66,A,1,CIT
2011,134,1320,84,1351,50,H,0,CIT
2011,134,1325,65,1267,64,A,0,CIT
2011,134,1365,68,1319,63,H,0,CIT
2011,135,1233,85,1434,77,A,0,CIT
2011,135,1362,81,1225,73,H,0,CIT
2011,135,1374,64,1331,57,H,1,CIT
2011,135,1444,74,1399,66,H,0,CIT
2011,137,1365,88,1102,75,H,0,CIT
2011,138,1138,49,1444,48,A,0,CIT
2011,138,1362,77,1218,74,A,0,CIT
2011,138,1374,63,1239,62,H,0,CIT
2011,140,1374,57,1320,50,A,0,CIT
2011,141,1190,82,1325,73,H,0,CIT
2011,141,1233,78,1138,63,H,0,CIT
2011,141,1365,95,1362,91,A,0,CIT
2011,144,1365,72,1374,55,A,0,CIT
2011,145,1233,83,1190,80,A,0,CIT
2011,149,1365,76,1233,69,A,0,CIT
2011,134,1104,68,1157,44,H,0,NIT
2011,134,1130,82,1270,64,A,0,NIT
2011,134,1156,63,1436,60,H,0,NIT
2011,134,1158,94,1173,84,H,0,NIT
2011,134,1193,62,1161,60,A,0,NIT
2011,134,1245,71,1388,70,A,0,NIT
2011,134,1283,89,1293,76,H,0,NIT
2011,134,1307,69,1431,57,H,0,NIT
2011,134,1329,71,1217,54,H,0,NIT
2011,135,1143,77,1279,74,H,0,NIT
2011,135,1160,88,1411,74,H,0,NIT
2011,135,1274,85,1194,62,H,0,NIT
2011,135,1321,70,1454,61,H,0,NIT
2011,135,1439,79,1126,54,H,0,NIT
2011,135,1450,85,1253,74,H,0,NIT
2011,135,1455,76,1304,49,H,0,NIT
2011,137,1160,89,1143,72,H,0,NIT
2011,138,1158,64,1156,56,A,0,NIT
2011,138,1321,85,1130,67,A,0,NIT
2011,139,1245,72,1193,68,A,0,NIT
2011,139,1455,79,1439,76,A,1,NIT
2011,140,1104,74,1307,67,H,0,NIT
2011,140,1274,81,1283,72,H,0,NIT
2011,140,1450,74,1329,64,H,0,NIT
2011,141,1160,81,1245,74,H,0,NIT
2011,142,1104,79,1274,64,H,0,NIT
2011,142,1450,69,1321,66,H,1,NIT
2011,142,1455,82,1158,75,H,0,NIT
2011,148,1104,62,1160,61,N,0,NIT
2011,148,1455,75,1450,44,N,0,NIT
2011,150,1455,66,1104,57,N,0,NIT
2012,134,1343,95,1191,86,A,0,CBI
2012,134,1395,83,1454,73,H,0,CBI
2012,134,1450,89,1362,75,A,0,CBI
2012,135,1139,75,1174,58,H,0,CBI
2012,135,1333,80,1442,59,H,0,CBI
2012,135,1335,74,1346,63,H,0,CBI
2012,135,1338,81,1459,63,H,0,CBI
2012,135,1461,78,1295,75,H,0,CBI
2012,140,1139,63,1335,53,A,0,CBI
2012,140,1333,101,1395,81,H,0,CBI
2012,140,1338,82,1343,61,H,0,CBI
2012,140,1450,61,1461,41,H,0,CBI
2012,142,1338,68,1139,62,A,1,CBI
2012,142,1450,72,1333,55,A,0,CBI
2012,147,1450,67,1338,66,H,0,CBI
2012,149,1338,57,1450,53,H,0,CBI
2012,151,1338,71,1450,65,H,0,CBI
2012,134,1209,74,1399,43,H,0,CIT
2012,134,1273,68,1398,60,H,0,CIT
2012,134,1330,68,1157,66,H,0,CIT
2012,134,1352,67,1232,60,A,0,CIT
2012,134,1405,76,1270,63,H,0,CIT
2012,134,1451,72,1430,69,H,0,CIT
2012,135,1138,78,1110,61,A,0,CIT
2012,135,1179,70,1315,64,H,0,CIT
2012,135,1193,68,1463,56,H,0,CIT
2012,135,1225,86,1364,83,H,0,CIT
2012,135,1258,88,1168,79,H,0,CIT
2012,135,1264,89,1107,79,A,0,CIT
2012,135,1324,86,1132,69,H,0,CIT
2012,135,1349,68,1418,63,A,0,CIT
2012,135,1429,75,1167,69,H,0,CIT
2012,136,1367,73,1245,58,H,0,CIT
2012,138,1273,64,1209,59,H,0,CIT
2012,138,1324,84,1138,76,H,0,CIT
2012,138,1349,74,1179,68,H,0,CIT
2012,138,1352,69,1405,51,A,0,CIT
2012,138,1429,76,1225,56,H,0,CIT
2012,139,1193,69,1264,57,H,0,CIT
2012,139,1258,84,1451,78,H,1,CIT
2012,139,1330,65,1367,56,H,0,CIT
2012,141,1324,77,1349,70,H,0,CIT
2012,142,1193,67,1352,61,H,0,CIT
2012,142,1273,79,1330,73,A,0,CIT
2012,142,1429,77,1258,69,H,0,CIT
2012,145,1273,64,1193,59,A,0,CIT
2012,146,1429,105,1324,81,H,0,CIT
2012,149,1273,70,1429,67,A,0,CIT
2012,134,1234,84,1173,75,H,0,NIT
2012,134,1269,101,1280,96,A,2,NIT
2012,134,1292,86,1267,78,H,0,NIT
2012,134,1321,76,1103,74,H,0,NIT
2012,134,1332,96,1261,76,H,0,NIT
2012,134,1371,63,1392,61,H,0,NIT
2012,134,1390,76,1156,65,H,0,NIT
2012,134,1397,65,1366,51,H,0,NIT
2012,134,1449,82,1426,72,H,0,NIT
2012,135,1137,65,1112,54,A,0,NIT
2012,135,1180,81,1416,56,H,0,NIT
2012,135,1229,96,1279,93,A,1,NIT
2012,135,1274,66,1434,50,H,0,NIT
2012,135,1278,70,1247,61,A,0,NIT
2012,135,1305,68,1331,59,A,0,NIT
2012,135,1320,67,1386,65,A,0,NIT
2012,137,1449,76,1321,55,H,0,NIT
2012,138,1269,77,1371,67,A,0,NIT
2012,139,1180,65,1320,63,H,0,NIT
2012,139,1305,75,1137,67,H,0,NIT
2012,139,1332,108,1234,97,H,0,NIT
2012,140,1278,78,1274,60,A,0,NIT
2012,140,1292,71,1397,64,A,0,NIT
2012,140,1390,92,1229,88,H,1,NIT
2012,141,1269,72,1180,70,A,0,NIT
2012,141,1449,90,1332,86,H,0,NIT
2012,142,1278,78,1292,72,A,0,NIT
2012,142,1390,84,1305,56,H,0,NIT
2012,148,1278,68,1449,67,N,1,NIT
2012,148,1390,74,1269,64,N,0,NIT
2012,150,1390,75,1278,51,N,0,NIT
2013,134,1206,78,1158,77,A,0,CBI
2013,134,1365,77,1436,67,H,0,CBI
2013,134,1461,67,1250,66,H,0,CBI
2013,135,1222,73,1400,72,H,0,CBI
2013,135,1345,81,1442,67,H,0,CBI
2013,135,1350,76,1136,71,A,0,CBI
2013,135,1444,72,1295,71,H,1,CBI
2013,135,1460,72,1409,52,H,0,CBI
2013,140,1206,88,1222,84,H,1,CBI
2013,140,1365,86,1345,83,A,0,CBI
2013,140,1444,75,1461,67,A,1,CBI
2013,140,1460,57,1350,51,H,0,CBI
2013,142,1206,62,1444,52,H,0,CBI
2013,142,1365,81,1460,69,A,0,CBI
2013,147,1365,81,1206,73,H,0,CBI
2013,149,1206,73,1365,66,H,0,CBI
2013,151,1365,80,1206,77,A,0,CBI
2013,134,1184,69,1205,62,A,0,CIT
2013,134,1187,66,1366,65,H,0,CIT
2013,134,1191,84,1398,72,H,0,CIT
2013,134,1259,70,1131,63,H,0,CIT
2013,134,1351,63,1216,54,A,0,CIT
2013,134,1464,99,1324,87,H,0,CIT
2013,135,1102,69,1218,65,A,0,CIT
2013,135,1133,75,1453,69,H,0,CIT
2013,135,1145,69,1189,53,H,0,CIT
2013,135,1227,80,1152,69,H,0,CIT
2013,135,1245,73,1193,71,H,0,CIT
2013,135,1320,77,1315,66,H,0,CIT
2013,135,1331,84,1426,76,A,0,CIT
2013,135,1408,84,1375,73,H,0,CIT
2013,135,1414,80,1219,71,H,0,CIT
2013,135,1451,85,1142,43,H,0,CIT
2013,138,1133,77,1408,72,H,0,CIT
2013,138,1145,84,1464,82,A,1,CIT
2013,138,1187,75,1351,54,H,0,CIT
2013,138,1191,86,1184,72,H,0,CIT
2013,138,1320,63,1227,51,H,0,CIT
2013,138,1451,78,1102,57,H,0,CIT
2013,139,1259,73,1245,59,H,0,CIT
2013,140,1331,76,1414,62,H,0,CIT
2013,141,1187,70,1259,58,H,0,CIT
2013,141,1191,84,1145,83,A,0,CIT
2013,141,1320,90,1133,77,H,0,CIT
2013,142,1451,83,1331,74,H,0,CIT
2013,145,1187,81,1191,58,H,0,CIT
2013,145,1451,59,1320,56,A,0,CIT
2013,148,1187,77,1451,74,A,0,CIT
2013,134,1104,62,1318,43,H,0,NIT
2013,134,1140,90,1449,79,H,0,NIT
2013,134,1176,61,1325,57,H,0,NIT
2013,134,1256,71,1199,66,A,0,NIT
2013,134,1268,86,1310,70,H,0,NIT
2013,134,1352,59,1246,57,H,0,NIT
2013,134,1385,63,1386,61,A,0,NIT
2013,134,1390,58,1372,57,H,0,NIT
2013,134,1438,67,1313,56,H,0,NIT
2013,135,1113,83,1178,68,H,0,NIT
2013,135,1124,112,1253,66,H,0,NIT
2013,135,1234,68,1232,52,H,0,NIT
2013,135,1273,75,1397,67,A,0,NIT
2013,135,1344,75,1150,66,H,0,NIT
2013,135,1379,78,1149,71,H,0,NIT
2013,135,1392,71,1269,58,A,0,NIT
2013,136,1268,62,1176,52,H,0,NIT
2013,137,1124,89,1113,86,H,0,NIT
2013,137,1234,75,1392,63,H,0,NIT
2013,138,1104,66,1390,54,H,0,NIT
2013,139,1438,68,1385,50,H,0,NIT
2013,140,1140,90,1273,71,H,0,NIT
2013,140,1344,77,1352,68,H,0,NIT
2013,140,1379,63,1256,52,H,0,NIT
2013,141,1268,58,1104,57,A,0,NIT
2013,142,1124,79,1344,68,H,0,NIT
2013,142,1140,79,1379,62,A,0,NIT
2013,142,1234,75,1438,64,A,0,NIT
2013,148,1124,76,1140,70,N,0,NIT
2013,148,1234,71,1268,60,N,0,NIT
2013,150,1124,74,1234,54,N,0,NIT
2014,134,1373,66,1392,55,H,0,CBI
2014,135,1201,61,1431,56,A,0,CBI
2014,135,1229,77,1287,67,H,0,CBI
2014,135,1330,72,1355,65,H,0,CBI
2014,135,1336,69,1214,65,H,0,CBI
2014,135,1343,56,1408,55,A,0,CBI
2014,135,1347,96,1333,92,A,0,CBI
2014,135,1401,59,1461,43,H,0,CBI
2014,140,1201,72,1343,56,H,0,CBI
2014,140,1229,62,1401,55,H,0,CBI
2014,140,1330,82,1347,59,H,0,CBI
2014,140,1373,54,1336,52,H,0,CBI
2014,142,1201,71,1330,64,H,0,CBI
2014,142,1373,61,1229,49,H,0,CBI
2014,147,1373,61,1201,57,A,0,CBI
2014,149,1201,89,1373,75,A,0,CBI
2014,152,1373,81,1201,68,H,0,CBI
2014,133,1221,68,1135,65,A,0,CIT
2014,134,1162,58,1434,56,A,0,CIT
2014,134,1185,58,1313,54,H,0,CIT
2014,134,1190,79,1151,66,H,0,CIT
2014,134,1358,71,1106,49,H,0,CIT
2014,134,1360,87,1340,65,H,0,CIT
2014,134,1440,111,1145,100,A,0,CIT
2014,134,1460,73,1187,59,A,0,CIT
2014,135,1236,97,1103,91,H,0,CIT
2014,135,1293,66,1283,63,A,0,CIT
2014,135,1303,91,1315,75,H,0,CIT
2014,135,1325,64,1156,62,H,0,CIT
2014,135,1334,69,1213,67,A,0,CIT
2014,135,1394,82,1294,71,A,0,CIT
2014,135,1406,63,1367,60,A,0,CIT
2014,135,1463,69,1346,68,H,0,CIT
2014,137,1406,83,1190,77,A,0,CIT
2014,138,1162,69,1185,56,H,0,CIT
2014,138,1325,56,1460,54,H,0,CIT
2014,138,1334,89,1394,60,H,0,CIT
2014,138,1360,77,1358,72,A,0,CIT
2014,138,1440,106,1236,95,H,0,CIT
2014,138,1463,71,1221,66,A,0,CIT
2014,140,1293,86,1303,62,H,0,CIT
2014,142,1334,75,1360,60,H,0,CIT
2014,142,1440,92,1325,90,A,0,CIT
2014,142,1463,72,1162,69,A,0,CIT
2014,143,1293,85,1406,73,H,0,CIT
2014,148,1293,98,1334,75,H,0,CIT
2014,148,1463,75,1440,62,A,0,CIT
2014,150,1293,65,1463,57,H,0,CIT
2014,134,1116,91,1232,71,H,0,NIT
2014,134,1125,80,1453,65,A,0,NIT
2014,134,1155,78,1209,66,H,0,NIT
2014,134,1199,58,1195,53,H,0,NIT
2014,134,1207,77,1452,65,H,0,NIT
2014,134,1278,88,1219,81,H,0,NIT
2014,134,1281,85,1172,77,H,0,NIT
2014,134,1352,89,1385,78,A,0,NIT
2014,134,1388,70,1428,58,H,0,NIT
2014,135,1143,77,1430,64,H,0,NIT
2014,135,1208,63,1436,56,H,0,NIT
2014,135,1228,66,1131,62,A,0,NIT
2014,135,1256,89,1233,88,H,0,NIT
2014,135,1261,71,1362,63,A,0,NIT
2014,135,1374,68,1414,54,H,0,NIT
2014,135,1379,66,1405,59,H,0,NIT
2014,137,1125,82,1352,71,H,0,NIT
2014,138,1256,79,1208,71,A,0,NIT
2014,139,1155,50,1228,49,H,0,NIT
2014,139,1278,63,1388,55,H,0,NIT
2014,139,1379,71,1281,63,A,0,NIT
2014,140,1143,75,1116,64,H,0,NIT
2014,140,1199,101,1207,90,H,0,NIT
2014,140,1374,80,1261,67,H,0,NIT
2014,141,1155,73,1125,68,H,0,NIT
2014,141,1278,81,1379,73,H,0,NIT
2014,142,1199,78,1256,75,H,0,NIT
2014,142,1374,67,1143,65,H,0,NIT
2014,148,1278,67,1199,64,N,1,NIT
2014,148,1374,65,1155,59,N,0,NIT
2014,150,1278,65,1374,63,N,0,NIT
2015,134,1260,62,1351,59,H,0,CBI
2015,135,1160,87,1205,78,H,0,CBI
2015,135,1273,72,1392,70,H,0,CBI
2015,135,1331,91,1364,87,H,0,CBI
2015,135,1347,78,1175,57,A,0,CBI
2015,135,1370,62,1337,45,H,0,CBI
2015,135,1419,71,1185,67,H,0,CBI
2015,135,1436,85,1220,81,A,0,CBI
2015,140,1260,86,1331,78,H,0,CBI
2015,140,1370,72,1160,65,H,0,CBI
2015,140,1419,71,1273,69,A,0,CBI
2015,140,1436,78,1347,71,H,0,CBI
2015,142,1260,63,1370,48,H,0,CBI
2015,142,1419,71,1436,65,H,0,CBI
2015,147,1260,65,1419,58,H,0,CBI
2015,149,1260,63,1419,62,A,0,CBI
2015,133,1312,84,1306,77,H,0,CIT
2015,134,1132,67,1384,64,A,0,CIT
2015,134,1183,97,1324,91,A,0,CIT
2015,134,1184,81,1313,75,H,0,CIT
2015,134,1367,73,1241,72,H,0,CIT
2015,134,1418,83,1230,68,A,0,CIT
2015,135,1145,87,1171,72,H,0,CIT
2015,135,1156,86,1444,57,A,0,CIT
2015,135,1170,73,1339,66,A,0,CIT
2015,135,1191,82,1236,77,H,0,CIT
2015,135,1219,70,1271,64,H,0,CIT
2015,135,1245,68,1292,56,A,0,CIT
2015,135,1319,75,1213,70,A,0,CIT
2015,135,1358,87,1423,71,H,0,CIT
2015,135,1394,75,1195,69,A,0,CIT
2015,136,1404,104,1322,79,A,0,CIT
2015,137,1184,66,1219,65,H,0,CIT
2015,138,1145,82,1132,59,A,0,CIT
2015,138,1319,78,1170,73,A,0,CIT
2015,138,1404,60,1367,49,A,0,CIT
2015,138,1418,71,1358,70,A,0,CIT
2015,140,1191,83,1183,68,A,0,CIT
2015,140,1245,69,1394,65,A,0,CIT
2015,140,1312,80,1156,77,H,0,CIT
2015,142,1404,70,1184,69,A,0,CIT
2015,143,1191,89,1418,82,A,0,CIT
2015,144,1319,74,1245,73,H,1,CIT
2015,145,1312,78,1145,73,H,0,CIT
2015,148,1191,79,1404,66,H,0,CIT
2015,148,1319,68,1312,61,H,0,CIT
2015,150,1191,71,1319,65,H,0,CIT
2015,134,1104,79,1228,58,H,0,NIT
2015,134,1203,60,1338,54,A,0,NIT
2015,134,1256,89,1141,79,H,0,NIT
2015,134,1274,75,1300,71,H,0,NIT
2015,134,1293,81,1431,66,H,0,NIT
2015,134,1348,88,1233,75,H,0,NIT
2015,134,1390,77,1413,64,H,0,NIT
2015,134,1401,81,1285,64,H,0,NIT
2015,134,1409,70,1456,67,H,0,NIT
2015,135,1113,68,1163,61,A,0,NIT
2015,135,1229,69,1453,56,H,0,NIT
2015,135,1330,65,1149,56,H,0,NIT
2015,135,1350,84,1383,74,H,0,NIT
2015,135,1355,86,1161,76,A,0,NIT
2015,135,1396,73,1137,67,H,0,NIT
2015,135,1435,75,1388,64,A,0,NIT
2015,137,1435,92,1355,77,H,0,NIT
2015,138,1274,73,1104,66,H,0,NIT
2015,139,1350,76,1113,70,H,1,NIT
2015,139,1390,74,1348,65,H,0,NIT
2015,139,1396,90,1203,77,H,0,NIT
2015,140,1256,84,1401,72,A,0,NIT
2015,140,1293,83,1409,62,A,0,NIT
2015,140,1330,50,1229,49,H,0,NIT
2015,141,1274,63,1350,61,A,0,NIT
2015,141,1390,78,1435,75,H,0,NIT
2015,142,1330,72,1293,69,H,0,NIT
2015,142,1396,77,1256,59,H,0,NIT
2015,148,1274,60,1396,57,N,0,NIT
2015,148,1390,67,1330,60,N,0,NIT
2015,150,1390,66,1274,64,N,1,NIT
2016,134,1287,84,1373,80,A,0,CBI
2016,135,1182,120,1303,112,H,0,CBI
2016,135,1186,79,1337,72,H,0,CBI
2016,135,1305,79,1285,75,H,0,CBI
2016,135,1325,94,1107,90,H,1,CBI
2016,135,1370,68,1225,63,H,0,CBI
2016,135,1422,69,1223,65,H,0,CBI
2016,135,1436,79,1441,74,H,0,CBI
2016,140,1287,82,1182,72,H,0,CBI
2016,140,1305,85,1186,70,H,0,CBI
2016,140,1325,72,1422,67,H,0,CBI
2016,140,1436,73,1370,54,A,0,CBI
2016,142,1287,77,1325,72,A,0,CBI
2016,142,1305,86,1436,72,H,0,CBI
2016,147,1287,86,1305,83,H,0,CBI
2016,149,1305,77,1287,68,H,0,CBI
2016,151,1305,85,1287,82,H,1,CBI
2016,133,1213,78,1354,74,H,0,CIT
2016,133,1238,81,1358,77,A,1,CIT
2016,134,1123,78,1398,73,A,2,CIT
2016,134,1157,65,1273,57,H,0,CIT
2016,134,1202,58,1419,57,H,0,CIT
2016,135,1131,69,1200,66,A,0,CIT
2016,135,1162,86,1313,54,H,0,CIT
2016,135,1306,77,1193,62,A,0,CIT
2016,135,1312,79,1119,65,H,0,CIT
2016,135,1404,76,1141,73,A,0,CIT
2016,135,1414,89,1315,86,A,1,CIT
2016,135,1418,96,1394,72,H,0,CIT
2016,135,1426,75,1366,59,A,0,CIT
2016,136,1213,64,1238,54,H,0,CIT
2016,138,1157,71,1306,62,H,0,CIT
2016,138,1418,80,1202,72,A,0,CIT
2016,139,1123,83,1404,80,H,1,CIT
2016,140,1312,83,1131,72,H,0,CIT
2016,142,1157,60,1213,58,H,0,CIT
2016,142,1162,69,1123,67,H,0,CIT
2016,142,1414,67,1418,66,A,0,CIT
2016,143,1312,63,1426,60,H,0,CIT
2016,146,1162,80,1312,65,H,0,CIT
2016,146,1414,66,1157,47,A,0,CIT
2016,148,1162,73,1414,67,H,0,CIT
2016,134,1166,72,1104,54,H,0,NIT
2016,134,1196,97,1316,68,A,0,NIT
2016,134,1199,84,1172,74,H,0,NIT
2016,134,1326,72,1103,63,H,1,NIT
2016,134,1361,79,1236,55,H,0,NIT
2016,134,1376,88,1219,66,H,0,NIT
2016,134,1388,58,1308,56,H,0,NIT
2016,134,1434,84,1411,73,H,0,NIT
2016,134,1449,107,1253,102,H,0,NIT
2016,135,1140,97,1412,79,H,0,NIT
2016,135,1203,82,1220,80,H,0,NIT
2016,135,1208,93,1125,84,H,0,NIT
2016,135,1210,81,1222,62,H,0,NIT
2016,135,1284,90,1137,80,H,0,NIT
2016,135,1439,86,1343,81,H,1,NIT
2016,135,1447,79,1382,75,A,0,NIT
2016,136,1434,81,1199,69,H,0,NIT
2016,137,1140,80,1439,77,H,0,NIT
2016,138,1166,87,1447,54,H,0,NIT
2016,139,1196,74,1326,66,A,0,NIT
2016,139,1388,77,1208,65,H,0,NIT
2016,140,1203,87,1284,71,A,0,NIT
2016,140,1210,83,1376,66,A,0,NIT
2016,140,1361,93,1449,78,H,0,NIT
2016,141,1140,88,1166,82,H,0,NIT
2016,141,1434,60,1388,44,H,0,NIT
2016,142,1203,82,1196,77,H,0,NIT
2016,142,1361,72,1210,56,H,0,NIT
2016,148,1203,65,1361,46,N,0,NIT
2016,148,1434,72,1140,70,N,0,NIT
2016,150,1203,76,1434,60,N,0,NIT
2016,147,1190,88,1256,83,N,0,V16
2016,147,1324,90,1406,72,N,0,V16
2016,147,1330,75,1399,59,N,0,V16
2016,147,1364,70,1296,63,N,0,V16
2016,148,1324,104,1190,81,N,0,V16
2016,148,1330,64,1364,49,N,0,V16
2016,149,1330,68,1324,67,N,0,V16
2017,135,1157,83,1214,67,H,0,CBI
2017,135,1203,73,1405,69,H,0,CBI
2017,135,1227,71,1392,69,H,0,CBI
2017,135,1259,73,1206,58,A,0,CBI
2017,135,1282,92,1453,82,H,0,CBI
2017,135,1349,85,1362,76,H,0,CBI
2017,135,1430,74,1204,49,A,0,CBI
2017,135,1461,91,1186,81,H,0,CBI
2017,140,1157,72,1259,63,H,0,CBI
2017,140,1227,80,1203,71,H,0,CBI
2017,140,1430,85,1349,79,A,0,CBI
2017,140,1461,72,1282,61,H,0,CBI
2017,142,1157,89,1227,78,H,0,CBI
2017,142,1461,74,1430,68,H,0,CBI
2017,147,1157,91,1461,81,H,0,CBI
2017,149,1461,81,1157,57,H,0,CBI
2017,151,1461,83,1157,59,H,0,CBI
2017,133,1251,73,1313,64,H,0,CIT
2017,134,1144,98,1223,79,H,0,CIT
2017,134,1359,78,1145,74,H,0,CIT
2017,134,1384,78,1239,76,A,0,CIT
2017,135,1225,73,1372,50,H,0,CIT
2017,135,1236,88,1123,80,H,0,CIT
2017,135,1394,80,1209,64,H,0,CIT
2017,135,1420,88,1193,83,H,0,CIT
2017,136,1202,79,1367,57,A,0,CIT
2017,136,1389,59,1107,55,A,0,CIT
2017,136,1402,70,1249,60,H,0,CIT
2017,136,1404,89,1421,75,H,0,CIT
2017,136,1451,80,1168,76,A,0,CIT
2017,138,1420,87,1384,79,H,0,CIT
2017,140,1144,73,1404,56,H,0,CIT
2017,140,1251,66,1359,58,H,0,CIT
2017,140,1394,82,1451,73,H,0,CIT
2017,141,1402,64,1225,55,H,0,CIT
2017,145,1202,79,1144,64,A,0,CIT
2017,145,1389,49,1402,44,A,0,CIT
2017,146,1394,78,1236,62,H,0,CIT
2017,146,1420,80,1251,68,H,0,CIT
2017,149,1389,77,1202,51,H,0,CIT
2017,149,1394,79,1420,61,A,0,CIT
2017,151,1389,62,1394,61,A,0,CIT
2017,134,1129,73,1428,68,A,0,NIT
2017,134,1161,81,1158,74,H,0,NIT
2017,134,1167,73,1143,66,A,0,NIT
2017,134,1210,75,1231,63,H,0,NIT
2017,134,1228,82,1434,57,H,0,NIT
2017,134,1279,91,1284,83,A,0,NIT
2017,134,1324,74,1155,69,A,0,NIT
2017,134,1350,71,1104,64,A,0,NIT
2017,134,1393,90,1422,77,H,0,NIT
2017,135,1103,78,1222,75,A,0,NIT
2017,135,1125,78,1208,69,A,0,NIT
2017,135,1229,85,1414,71,H,0,NIT
2017,135,1234,87,1377,75,H,0,NIT
2017,135,1395,66,1201,59,H,0,NIT
2017,135,1416,79,1160,74,H,0,NIT
2017,135,1426,105,1140,89,A,0,NIT
2017,138,1279,85,1393,80,A,0,NIT
2017,139,1210,71,1125,57,H,0,NIT
2017,139,1350,87,1324,83,H,0,NIT
2017,139,1395,94,1234,92,A,1,NIT
2017,140,1167,81,1161,63,A,0,NIT
2017,140,1228,71,1129,56,H,0,NIT
2017,140,1416,63,1229,62,A,0,NIT
2017,140,1426,85,1103,69,H,0,NIT
2017,141,1210,74,1279,66,A,0,NIT
2017,141,1395,86,1350,68,H,0,NIT
2017,142,1167,80,1426,76,A,0,NIT
2017,142,1416,68,1228,58,H,0,NIT
2017,148,1210,76,1167,61,N,0,NIT
2017,148,1395,68,1416,53,N,0,NIT
2017,150,1395,88,1210,56,N,0,NIT
2018,134,1430,87,1186,65,H,0,CBI
2018,135,1144,97,1275,87,H,0,CBI
2018,135,1146,92,1370,90,A,1,CBI
2018,135,1240,80,1145,78,A,1,CBI
2018,135,1273,78,1213,73,A,0,CBI
2018,135,1309,77,1410,74,H,0,CBI
2018,135,1317,90,1377,77,A,0,CBI
2018,135,1362,72,1159,68,H,0,CBI
2018,140,1144,71,1309,69,H,0,CBI
2018,140,1240,80,1146,59,A,0,CBI
2018,140,1317,96,1273,67,H,0,CBI
2018,140,1362,78,1430,73,H,0,CBI
2018,142,1317,90,1240,68,H,0,CBI
2018,143,1362,65,1144,62,H,0,CBI
2018,147,1362,72,1317,62,H,0,CBI
2018,149,1317,69,1362,55,H,0,CBI
2018,151,1317,88,1362,77,H,0,CBI
2018,133,1141,94,1236,89,A,0,CIT
2018,133,1179,80,1101,73,H,1,CIT
2018,133,1251,65,1299,52,H,0,CIT
2018,133,1360,88,1216,72,H,0,CIT
2018,135,1185,83,1310,65,H,0,CIT
2018,135,1227,84,1384,61,H,0,CIT
2018,135,1427,76,1249,69,H,0,CIT
2018,136,1122,80,1419,66,H,0,CIT
2018,137,1141,98,1459,94,A,0,CIT
2018,138,1360,67,1340,64,H,0,CIT
2018,139,1294,81,1179,72,H,0,CIT
2018,140,1358,69,1185,62,H,0,CIT
2018,142,1227,83,1122,81,A,0,CIT
2018,142,1294,86,1360,75,A,0,CIT
2018,143,1358,76,1427,69,A,0,CIT
2018,145,1251,84,1141,71,H,0,CIT
2018,149,1227,67,1251,51,A,0,CIT
2018,149,1294,99,1358,80,H,0,CIT
2018,151,1294,76,1227,71,H,0,CIT
2018,134,1124,80,1447,59,H,0,NIT
2018,134,1257,66,1297,58,H,0,NIT
2018,134,1292,91,1436,64,H,0,NIT
2018,134,1323,84,1214,63,H,0,NIT
2018,134,1329,80,1195,68,H,0,NIT
2018,134,1332,99,1351,86,H,0,NIT
2018,134,1388,89,1368,45,H,0,NIT
2018,134,1425,103,1421,98,H,2,NIT
2018,134,1443,79,1130,62,H,0,NIT
2018,135,1261,84,1418,76,H,0,NIT
2018,135,1266,67,1217,60,H,0,NIT
2018,135,1280,66,1304,59,H,0,NIT
2018,135,1336,63,1396,57,H,0,NIT
2018,135,1390,86,1140,83,H,0,NIT
2018,135,1428,69,1413,59,H,0,NIT
2018,135,1449,77,1129,74,H,0,NIT
2018,138,1336,73,1323,63,A,0,NIT
2018,139,1257,84,1292,68,H,0,NIT
2018,139,1266,101,1332,92,H,0,NIT
2018,139,1280,78,1124,77,A,0,NIT
2018,140,1329,71,1390,65,H,0,NIT
2018,140,1388,85,1449,81,H,0,NIT
2018,140,1428,95,1261,71,H,0,NIT
2018,140,1443,79,1425,75,A,0,NIT
2018,141,1280,79,1257,56,A,0,NIT
2018,141,1336,85,1266,80,A,0,NIT
2018,142,1428,67,1388,58,A,1,NIT
2018,142,1443,92,1329,84,A,0,NIT
2018,148,1336,75,1280,60,N,0,NIT 
2018,148,1428,69,1443,64,N,0,NIT 
2018,150,1336,82,1428,66,N,0,NIT 
