"team","conf","yusag_coeff","sor","wab","qual_bonus","yusag_rank","sor_rank","resume_rank","wab_rank","blend","avg","odds","seed_avg","n_brackets","pct_brackets","bm_odds","delta","bm_weight"
"Houston","Big 12",24.6619892765445,5.16964,9.80155555555556,270,1,2,2,2,1.75,1.75,99.99,1,103,1,99.9524371095902,0.0375628904098164,0.75
"UConn","Big East",23.9161029147113,5.41584,9.90366666666667,278,2,1,1,1,1.25,1.25,99.99,1,103,1,99.9524371095902,0.0375628904098164,0.75
"Purdue","Big 10",22.6721837535067,4.98124,9.78577777777778,269,4,3,3,3,3.25,3.25,99.99,1,103,1,99.9524371095902,0.0375628904098164,0.75
"North Carolina","ACC",19.6918569802321,0.67848,5.28311111111111,189,8,5,5,5,5.75,5.75,99.99,1.02,103,1,99.9516264087637,-0.0916264087636733,0.75
"Iowa St.","Big 12",21.2677767417698,2.0142,6.28255555555556,193,6,4,4,4,4.5,4.5,99.8887698337178,2.02,103,1,99.8916931116237,-0.0116931116237424,0.75
"Tennessee","SEC",20.5372579896548,0.24208,4.56111111111111,155,7,7,8,7,7.475,7.25,99.8759285454681,1.99,103,1,99.8945713939575,-0.0745713939575126,0.75
"Marquette","Big East",17.9920217993694,0.58204,5.15588888888889,155,15,6,7,6,8.725,8.5,99.8677172444608,2,103,1,99.8936229926145,-0.103622992614447,0.75
"Arizona","Pac 12",23.0041150405546,-0.82604,3.50955555555556,142,3,13,10,12,8.95,9.5,99.7790022,2.01,103,1,99.8926636128022,-0.112663612802152,0.75
"Illinois","Big 10",18.4843872448547,-0.255959999999998,4.15755555555556,165.52,11,9,6,9,8.075,8.75,99.6745325752802,3.5,103,1,99.5490651505604,0.250934849439645,0.5
"Creighton","Big East",18.41178752428,-1.25348,3.00355555555556,153,12,15,9,14,11.275,12.5,99.7078218450228,3.01,103,1,99.7156436900456,-0.0156436900456072,0.5
"Baylor","Big 12",18.3847065102374,-0.38088,4.40411111111111,118,13,11,12,8,11.6,11,99.7150515808661,2.97,103,1,99.7267354411548,-0.0467354411548087,0.75
"Auburn","SEC",22.2003953349432,-0.35844,3.77733333333333,120.52,5,10,11,10,9.225,9,99.5968432741973,3.8,103,1,99.4236865483945,0.346313451605525,0.5
"Duke","ACC",18.87391596196,-1.52588,2.31444444444444,114,10,17,13,16,13.225,14,99.5917729105879,3.41,103,1,99.5835458211759,0.0164541788241195,0.5
"Kansas","Big 12",15.8108791406089,-0.69428,3.66022222222222,111,20,12,14,11,14.825,14.25,99.4835638157553,3.7,103,1,99.4671276315106,0.0328723684894356,0.5
"BYU","Big 12",17.9932810781328,-2.03644,2.16522222222222,101,14,23,18,19,17.875,18.5,99.0140366999899,4.95,103,1,98.7880733999798,0.451926600020187,0.5
"Kentucky","SEC",16.1541009356108,-2.02724,1.69,79,19,22,25,22,22.675,22,99.021529105932,3.59,103,1,99.5130582118641,-0.983058211864062,0.5
"Wisconsin","Big 10",15.4035703954473,-2.838,2.23233333333333,104.48,21,31,15,18,19.275,21.25,98.7665375618838,5.35,103,1,98.4530751237676,0.626924876232437,0.5
"Texas Tech","Big 12",14.963417674701,-1.5614,2.54466666666667,93,23,18,19,15,19.35,18.75,98.688338144671,5.49,103,1,98.3066762893419,0.763323710658071,0.5
"South Carolina","SEC",10.5085557290771,-0.0928400000000001,3.46433333333333,102,55,8,17,13,24.65,23.25,98.2466351640749,5.38,103,1,98.4232703281499,-0.353270328149847,0.5
"Alabama","SEC",19.1021634333654,-2.04064,2.26566666666667,31,9,24,45,17,29.35,23.75,97.8201356757731,4.11,103,1,99.2802713515463,-2.92027135154629,0.5
"Florida","SEC",14.7277438885831,-2.4596,1.90544444444445,88.48,27,28,21,21,23.55,24.25,97.5689957065393,6.37,103,1,96.7979914130785,1.54200858692148,0.5
"Saint Mary's (CA)","WCC",16.3128215403779,-2.70304,0.194333333333334,66,17,30,30,35,27.375,28,97.1182306627226,6.27,103,1,97.0264613254452,0.183538674554754,0.5
"Gonzaga","WCC",16.5577317819007,-1.77456,1.08177777777778,75,16,19,27,25,22.8,21.75,96.8058238035958,7.01,103,1,95.1116476071917,3.38835239280832,0.5
"Washington St.","Pac 12",12.9680099585422,-3.00088,0.664222222222222,85,39,34,22,27,28.675,30.5,95.7679092450918,7.1,103,1,94.8558184901837,1.82418150981633,0.5
"San Diego St.","MWC",14.7780679761978,-3.0068,1.25277777777778,76,26,35,26,24,27.1,27.75,94.8348217318981,5.13,103,1,98.6496434637962,-7.62964346379616,0.5
"Nevada","MWC",12.5639911820064,-1.8526,1.51777777777778,103,43,21,16,23,24.375,25.75,94.6748026031584,6.81,103,1,95.6696052063168,-1.98960520631685,0.5
"Utah St.","MWC",11.6748234118578,-1.2374,1.96722222222222,93,48,14,20,20,26.1,25.5,94.5853049296767,6.25,103,1,97.0706098593535,-4.97060985935344,0.5
"Nebraska","Big 10",13.98334409254,-3.25968,0.792333333333333,68,32,36,29,26,30.425,30.75,93.950736676797,8.23,103,1,92.101473353594,3.69852664640595,0.5
"Clemson","ACC",13.4203548060174,-4.25116,-0.264444444444444,59,34,50,34,43,37.525,40.25,92.8188713557598,6.62,103,1,96.1777427115197,-6.71774271151968,0.5
"Boise St.","MWC",13.2859515238854,-4.11904,-0.375555555555556,75,36,49,28,45,35.275,39.5,92.759474087313,7.89,103,1,92.759474087313,-16.289474087313,1
"Dayton","A-10",12.6687641760419,-2.56728,0.464888888888889,59,42,29,33,30,34.275,33.5,92.8494798862761,7.85,103,1,92.8494798862761,-13.9694798862761,1
"Texas","Big 12",14.8086062019432,-3.29288,0.527666666666667,37,25,37,42,29,35.375,33.25,91.9873297019473,8.28,103,1,92.0146594038946,-0.0546594038945898,0.5
"Colorado St.","MWC",12.1452955508548,-3.80184,0.145666666666667,57,46,44,37,36,40.175,40.75,91.2742478653381,8.67,103,1,91.2742478653381,-29.1042478653381,1
"TCU","Big 12",14.4556121633527,-3.5038,0.542555555555556,25,28,39,47,28,38.675,35.5,88.4660039715983,9.29,103,1,89.0820079431966,-1.23200794319662,0.5
"Mississippi St.","SEC",13.6809105466847,-4.73656,-0.500111111111111,20,33,56,51,46,46.625,46.5,85.6610287188456,9.43,100,0.970873786407767,88.230859580411,-15.1410287188456,1
"Northwestern","Big 10",11.7881564345244,-3.69128,0.271333333333333,42,47,41,40,34,41.15,40.5,84.2539760692871,9.12,100,0.970873786407767,89.8931907027315,-3.60494242983644,0.5
"Colorado","Pac 12",14.3982984863267,-3.68824,0.277,80,29,40,23,32,28.175,31,80.0545783976727,9.99,100,0.970873786407767,82.4562157496029,16.8354216023273,1
"Michigan St.","Big 10",16.2470767321363,-5.48152,-1.06955555555556,16,18,62,53,53,45.6,46.5,77.0718929180348,10.1,103,1,80.7537858360697,-7.36378583606971,0.5
"New Mexico","MWC",15.3967298786233,-3.40068,0.272333333333333,57,22,38,36,33,32.425,32.25,75.2485979489951,10.24,99,0.961165048543689,78.2889453408737,19.2714020510049,1
"Oklahoma","Big 12",13.1069474232866,-3.69268,0.460111111111111,-23,38,42,71,31,53.4,45.5,74.1755238107688,10.12,95,0.922330097087379,80.421883710623,-25.9455238107688,1
"Drake","MVC",11.3523307735412,-2.83808,-0.272555555555556,50,52,32,38,44,41.35,41.5,62.8034138902056,10.89,103,1,62.8034138902056,-33.8134138902056,1
"Texas A&M","SEC",11.6113111281414,-5.52532,-1.18911111111111,59,51,63,35,55,45.7,51,61.6019370082519,10.42,85,0.825242718446602,74.6470530805876,11.5180629917481,1
"James Madison","Sunbelt",9.43978717707585,-1.27048,0.113444444444445,12,67,16,55,37,49.9,43.75,41.0547962194031,11.57,103,1,41.0547962194031,-30.0047962194031,1
"Fla. Atlantic","AAC",12.5025626723907,-3.70996,-0.650444444444444,6,44,43,60,48,51.95,48.75,36.3,NA,NA,NA,NA,NA,1
"St. John's (NY)","Big East",14.9241108576265,-5.18872,-1.08111111111111,9,24,60,57,54,48.825,48.75,31.89,NA,NA,NA,NA,NA,1
"Grand Canyon","WAC",10.062083493953,-2.0436,-0.25,20,63,25,50,42,48.5,45,31.7489815185395,11.85,103,1,31.7489815185395,-18.6289815185395,1
"Virginia","ACC",9.41656683249145,-3.9054,0.0422222222222217,80,68,45,24,39,40.025,44,29.4666762200859,10.92,49,0.475728155339806,61.9401561360989,56.2333237799141,1
"Kansas St.","Big 12",10.3480327132227,-5.14088,-0.773777777777778,32,60,58,43,51,50.5,53,29.12,NA,NA,NA,NA,NA,1
"Ohio St.","Big 10",12.4792773902892,-5.9756,-1.77044444444444,26,45,71,46,63,51.625,56.25,27.195,NA,NA,NA,NA,NA,1
"Oregon","Pac 12",10.7073203831121,-3.92928,0.0616666666666666,60,54,46,32,38,40.35,42.5,25.542,10.66,41,0.398058252427184,69.0043453329606,57.6722508868798,1
"NC State","ACC",10.4129694098532,-6.16836,-1.74933333333333,24,56,74,48,62,55.65,60,20.26,NA,NA,NA,NA,NA,1
"Cincinnati","Big 12",14.0788458102336,-5.6114,-1.57555555555556,-13,31,65,65,59,55.75,55,20.09,NA,NA,NA,NA,NA,1
"VCU","A-10",7.92590076628952,-8.3332,-5.22322222222222,-74.072,78,99,94,94,90.75,91.25,19.4614882516064,12.18,93,0.902912621359223,21.5541213969404,-19.4214882516064,1
"Wake Forest","ACC",14.1753314382352,-6.67512,-2.672,7,30,80,59,69,56.15,59.5,19.425,NA,NA,NA,NA,NA,1
"Seton Hall","Big East",10.1494600134649,-4.0798,-0.19811111111111,40,61,48,41,41,47.05,47.75,17.3576795241572,10.93,29,0.281553398058252,61.6496893444204,51.9123204758428,1
"Utah","Pac 12",12.8243308383336,-6.42444,-2.32222222222222,-3,40,77,62,65,59.125,61,14.79,NA,NA,NA,NA,NA,1
"Iowa","Big 10",11.6691549668461,-5.8252,-1.73544444444445,-4,49,69,63,61,60.15,60.5,13.345,NA,NA,NA,NA,NA,1
"Virginia Tech","ACC",10.3984386299409,-7.2076,-3.35322222222222,11,57,85,56,77,63.225,68.75,9.59,NA,NA,NA,NA,NA,1
"Ole Miss","SEC",7.50639034901946,-5.36076,-1.69744444444444,32,83,61,44,60,58.3,62,9.606,NA,NA,NA,NA,NA,1
"Indiana","Big 10",6.82239714344519,-5.65848,-1.35311111111111,17,92,66,52,57,64.725,66.75,8.075,NA,NA,NA,NA,NA,1
"Syracuse","ACC",7.04745179097992,-5.12616,-1.20955555555556,9,89,57,58,56,65.35,65,7.505,NA,NA,NA,NA,NA,1
"Providence","Big East",11.0799974203106,-4.698,-0.528555555555555,49,53,54,39,47,45.75,48.25,6.65648284300104,11.08,12,0.116504854368932,57.1348110690923,66.323517156999,1
"Indiana St.","MVC",12.7447554638098,-2.41968,0.021444444444445,20,41,27,49,40,42.575,39.25,6.64584422999803,10.91,11,0.106796116504854,62.2292686990725,47.414155770002,1
"Pittsburgh","ACC",13.3812180412478,-4.6696,-0.827222222222222,65,35,53,31,52,37.925,42.75,4.60236347833986,10.71,7,0.0679611650485437,67.7204911812865,84.3176365216601,1
"Samford","Southern",7.54320483727086,-2.86024,-1.37944444444444,-17,82,33,66,58,64.05,59.75,4.25739872712503,12.79,103,1,6.81479745425007,-5.11479745425007,0.5
"Memphis","AAC",8.17942709819653,-6.07204,-2.98088888888889,-19,74,73,69,72,71.225,72,3.615,NA,NA,NA,NA,NA,1
"Villanova","Big East",13.2745453301249,-6.68632,-2.42988888888889,-74,37,81,93,66,73.825,69.25,2.575,NA,NA,NA,NA,NA,1
"South Fla.","AAC",7.04717048023343,-4.62056,-2.49811111111111,-37,90,52,74,67,73.825,70.75,2.575,NA,NA,NA,NA,NA,1
"Princeton","Ivy",7.70179135289041,-2.29076,-0.710666666666666,13,81,26,54,49,55.925,52.5,2.55,NA,NA,NA,NA,NA,1
"UAB","AAC",4.74000969610944,-7.61156,-4.62211111111111,-55.04,107,89,85,88,91.475,92.25,2.33008606221604,12.57,42,0.407766990291262,11.3885173527739,-4.60386144482042,0.5
"Butler","Big East",10.0937302268136,-5.95536,-1.84922222222222,-57,62,70,86,64,74.85,70.5,2.25,NA,NA,NA,NA,NA,1
"Minnesota","Big 10",8.49834279514391,-7.53592,-3.88688888888889,-27,70,88,72,81,75.025,77.75,2.195,NA,NA,NA,NA,NA,1
"McNeese","Southland",8.1466847423539,-1.80828,-0.711666666666666,3,75,20,61,50,56.975,51.5,2.22,NA,NA,NA,NA,NA,1
"Yale","Ivy",6.79436537266869,-6.49224,-4.52955555555556,-93.474,93,78,104,87,95.225,90.5,1.4528856539127,12.85,52,0.504854368932039,5.73566239819264,-2.87567422044677,0.5
"Boston College","ACC",8.38198752752341,-9.14084,-5.15655555555556,-17,72,115,67,93,78.7,86.75,1.34,NA,NA,NA,NA,NA,1
"Vermont","Am. East",4.22516595802677,-4.33204,-2.83644444444444,-68,109,51,90,71,86.525,80.25,1.19521472741641,13.08,102,0.990291262135922,2.33386503772333,-2.23120615386194,0.5
"Washington","Pac 12",10.3705802441092,-8.94476,-5.03611111111111,-19,59,110,70,91,75.875,82.5,0.49,NA,NA,NA,NA,NA,1
"UCF","Big 12",11.6442863736199,-7.10488,-3.17388888888889,-67,50,84,89,74,76.625,74.25,0.44375,NA,NA,NA,NA,NA,1
"San Francisco","WCC",8.72356656811532,-6.0602,-3.59844444444444,-18,69,72,68,79,70.225,72,0.365,NA,NA,NA,NA,NA,1
"Richmond","A-10",7.42339532413685,-5.59176,-2.82188888888889,-9,86,64,64,70,70.25,71,0.365,NA,NA,NA,NA,NA,1
"South Dakota St.","Summit",1.82884242515614,-10.3828,-8.91233333333333,-222,140,144,183,148,162.025,153.75,0.426695115067486,14.95,103,1,0.853390230134973,-0.853390230134973,0.5
"SMU","AAC",9.54753207279257,-8.6794,-6.04066666666667,-76,66,104,95,103,90.1,92,0.28,NA,NA,NA,NA,NA,1
"UNLV","MWC",8.49171686246506,-6.92564,-3.70144444444444,-42,71,83,78,80,77.25,78,0.28,NA,NA,NA,NA,NA,1
"LSU","SEC",7.45604386103083,-8.08976,-4.33833333333333,-49,85,96,82,84,85.1,86.75,0.28,NA,NA,NA,NA,NA,1
"App State","Sunbelt",7.26191433471749,-4.05048,-2.50055555555556,-35,88,47,73,68,72.225,69,0.275,NA,NA,NA,NA,NA,1
"Longwood","Big South",-0.0774762319693014,-11.47632,-10.1503333333333,-248,166,159,206,170,184.45,175.25,0.312213177046852,15.62,103,1,0.624426354093703,-0.624426354093703,0.5
"UC Irvine","Big West",8.04221678523617,-6.19124,-4.15244444444444,-54,77,75,84,82,80.65,79.5,0.17,NA,NA,NA,NA,NA,1
"Florida St.","ACC",7.85227863153955,-9.04652,-4.75488888888889,-41,80,111,77,89,84.35,89.25,0.155,NA,NA,NA,NA,NA,1
"Georgia","SEC",7.28224638942776,-9.06808,-5.05188888888889,-49,87,112,83,92,89.475,93.5,0.1525,NA,NA,NA,NA,NA,1
"Loyola Chicago","A-10",6.90055912690406,-5.76336,-3.19588888888889,-38,91,68,75,75,77.95,77.25,0.25,NA,NA,NA,NA,NA,1
"Col. of Charleston","CAA",5.38003574808499,-5.16408,-3.50544444444444,-41,103,59,76,78,80.45,79,0.18,NA,NA,NA,NA,NA,1
"Long Beach St.","Big West",0.0910822124711825,-11.64988,-9.68988888888889,-229,163,165,188,165,175.425,170.25,0.186405494304148,14.92,48,0.466019417475728,0.799990246388635,-0.372810988608296,0.5
"Xavier","Big East",10.3954474968255,-7.5266,-3.27422222222222,-119,58,87,119,76,93.575,85,0.0875,NA,NA,NA,NA,NA,1
"Maryland","Big 10",10.0129288916132,-9.89668,-5.72333333333333,-86,64,126,98,100,93.95,97,0.0825,NA,NA,NA,NA,NA,1
"Bradley","MVC",9.6189794146632,-7.88592,-5.30411111111111,-65,65,94,88,96,84.15,85.75,0.11,NA,NA,NA,NA,NA,1
"Penn St.","Big 10",8.33942937113297,-10.35004,-6.26266666666667,-72,73,141,92,106,96.35,103,0.06,NA,NA,NA,NA,NA,1
"Duquesne","A-10",6.5511698565014,-7.50104,-4.31844444444445,-42.928,95,86,79,83,84.55,85.75,0.1,NA,NA,NA,NA,NA,1
"Cornell","Ivy",5.01269149005691,-4.73104,-3.04744444444444,-47,105,55,81,73,82.1,78.5,0.14,NA,NA,NA,NA,NA,1
"Southern California","Pac 12",8.0659209028503,-10.3574,-6.23977777777778,-96,76,143,106,105,103.925,107.5,0.02,NA,NA,NA,NA,NA,1
"North Texas","AAC",7.86828280275998,-10.17288,-7.29055555555555,-91,79,136,102,123,103.975,110,0.0025,NA,NA,NA,NA,NA,1
"Miami (FL)","ACC",7.50203001199103,-10.40268,-6.36966666666667,-106,84,145,109,108,108.025,111.5,0.0125,NA,NA,NA,NA,NA,1
"Massachusetts","A-10",6.78701674352535,-8.52648,-6.39022222222222,-114,94,101,116,109,107.375,105,0,NA,NA,NA,NA,NA,1
"St. Bonaventure","A-10",6.45578503826382,-9.34588,-6.67877777777778,-138,96,118,125,116,115.575,113.75,0,NA,NA,NA,NA,NA,1
"Rutgers","Big 10",6.37694254404886,-9.07092,-4.84333333333333,-105,97,114,108,90,103.9,102.25,0.02,NA,NA,NA,NA,NA,1
"UCLA","Pac 12",6.27598244689464,-10.33472,-6.418,-118,98,140,118,110,115.3,116.5,0.005,NA,NA,NA,NA,NA,1
"Stanford","Pac 12",6.25262130248323,-12.04068,-8.45122222222222,-110,99,178,111,140,121.675,132,0.0025,NA,NA,NA,NA,NA,1
"Saint Joseph's","A-10",6.04787997711951,-9.28792,-6.47488888888889,-91,100,116,101,113,104.5,107.5,0.01,NA,NA,NA,NA,NA,1
"George Mason","A-10",5.84561305215807,-8.83472,-6.43933333333333,-93,101,107,103,112,104.225,105.75,0.01,NA,NA,NA,NA,NA,1
"Oklahoma St.","Big 12",5.42741163699784,-12.0398,-8.07633333333333,-184,102,177,158,133,143.725,142.5,0,NA,NA,NA,NA,NA,1
"Louisiana Tech","C-USA",5.35351338614501,-7.73744,-6.02177777777778,-94,104,92,105,102,102.425,100.75,0.01,NA,NA,NA,NA,NA,1
"Santa Clara","WCC",4.93200739931686,-8.32644,-5.348,-62,106,98,87,97,94.65,97,0.02,NA,NA,NA,NA,NA,1
"Arkansas","SEC",4.69119010333828,-9.97944,-5.99277777777778,-84,108,129,97,101,105.05,108.75,0.0175,NA,NA,NA,NA,NA,1
"Notre Dame","ACC",4.21078209742665,-13.02044,-9.06166666666667,-178,110,199,150,153,147.725,153,0,NA,NA,NA,NA,NA,1
"California","Pac 12",4.13240267094522,-12.74652,-8.93344444444444,-148,111,190,133,150,138.175,146,0,NA,NA,NA,NA,NA,1
"UNI","MVC",3.99243504041202,-9.97476,-7.00766666666667,-81,112,128,96,120,107.8,114,0,NA,NA,NA,NA,NA,1
"Belmont","MVC",3.8815225753489,-9.4138,-6.99988888888889,-112,113,120,113,119,114.8,116.25,0,NA,NA,NA,NA,NA,1
"UC San Diego","Big West",3.76049041487262,-9.06868,-7.38444444444445,-135,114,113,124,127,120.225,119.5,0,NA,NA,NA,NA,NA,1
"Charlotte","AAC",3.67738474666172,-8.84788,-6.49611111111111,-89,115,108,99,114,106.225,109,0,NA,NA,NA,NA,NA,1
"Western Caro.","Southern",3.65911690227645,-8.36732,-6.79911111111111,-108,116,100,110,117,110.875,110.75,0,NA,NA,NA,NA,NA,1
"Georgia Tech","ACC",3.57560907104066,-11.29232,-7.00877777777778,-43,117,156,80,121,105.775,118.5,0.015,NA,NA,NA,NA,NA,1
"Seattle U","WAC",3.51157049887398,-11.74224,-9.783,-170,118,167,148,166,145.6,149.75,0,NA,NA,NA,NA,NA,1
"Southern Ill.","MVC",3.48842696069201,-10.23576,-8.01155555555555,-116,119,138,117,132,122.525,126.5,0,NA,NA,NA,NA,NA,1
"Hofstra","CAA",3.39979275617954,-10.26504,-8.33,-154,120,139,139,139,134.25,134.25,0,NA,NA,NA,NA,NA,1
"UT Arlington","WAC",3.32917447161482,-10.0272,-7.71333333333333,-127,121,131,123,130,124.575,126.25,0,NA,NA,NA,NA,NA,1
"Michigan","Big 10",3.30232680908451,-15.2878,-10.4981111111111,-208,122,251,173,179,172.7,181.25,0,NA,NA,NA,NA,NA,1
"Arizona St.","Pac 12",3.21137547525547,-11.11192,-6.955,-119,123,153,120,118,125.45,128.5,0,NA,NA,NA,NA,NA,1
"Davidson","A-10",3.17277202111912,-13.3344,-10.5941111111111,-174,124,205,149,185,155.65,165.75,0,NA,NA,NA,NA,NA,1
"High Point","Big South",3.16169939071254,-6.85772,-5.71855555555555,-139,125,82,126,99,115.775,108,0,NA,NA,NA,NA,NA,1
"Akron","MAC",3.06296225628154,-7.87716,-6.05577777777778,-120,126,93,121,104,115.925,111,0,13.89,102,0.990291262135922,0,0,0.5
"UNCW","CAA",2.89886814657643,-8.03596,-6.43511111111111,-123,127,95,122,111,117.825,113.75,0,NA,NA,NA,NA,NA,1
"Troy","Sunbelt",2.7341673803825,-10.35004,-8.91388888888889,-151,128,142,138,149,137.475,139.25,0,NA,NA,NA,NA,NA,1
"Tulane","AAC",2.69614616608253,-13.65008,-10.983,-159,129,212,142,196,156,169.75,0,NA,NA,NA,NA,NA,1
"West Virginia","Big 12",2.66237755506222,-14.73116,-10.1646666666667,-216,130,235,180,171,174.625,179,0,NA,NA,NA,NA,NA,1
"Drexel","CAA",2.56384359344815,-10.1536,-8.49466666666667,-146,131,135,129,142,132.025,134.25,0,NA,NA,NA,NA,NA,1
"Youngstown St.","Horizon",2.51127256354623,-8.56968,-7.31477777777778,-150,132,103,135,124,128.075,123.5,0,NA,NA,NA,NA,NA,1
"Morehead St.","OVC",2.47761398654234,-5.67,-4.48633333333333,-91,133,67,100,86,101.55,96.5,0.005,14.05,103,1,0,0.01,0.5
"Western Ky.","C-USA",2.36735530672325,-9.73252,-8.462,-208,134,123,172,141,151.275,142.5,0,NA,NA,NA,NA,NA,1
"Missouri","SEC",2.17839873894622,-16.81972,-12.7842222222222,-219,135,288,182,231,192.275,209,0,NA,NA,NA,NA,NA,1
"Oakland","Horizon",2.17171441964374,-7.62344,-5.50177777777778,-70,136,91,91,98,103.125,104,0.005,14.05,103,1,0,0.01,0.5
"Arkansas St.","Sunbelt",2.02058380815052,-12.79596,-10.5864444444444,-213,137,193,176,182,169.55,172,0,NA,NA,NA,NA,NA,1
"Oregon St.","Pac 12",1.92024297579878,-12.95164,-9.03311111111111,-112,138,197,114,152,137.2,150.25,0,NA,NA,NA,NA,NA,1
"Tarleton St.","WAC",1.86715216906475,-6.313,-4.43944444444444,-97,139,76,107,85,107.6,101.75,0,NA,NA,NA,NA,NA,1
"Toledo","MAC",1.82605975980042,-9.79932,-7.93622222222222,-156,141,124,140,131,136.725,134,0,NA,NA,NA,NA,NA,1
"Chattanooga","Southern",1.60737770098882,-9.80676,-8.26,-166,142,125,146,137,140.725,137.5,0,NA,NA,NA,NA,NA,1
"Furman","Southern",1.53578492523034,-12.89236,-10.9541111111111,-181,143,196,155,195,163.15,172.25,0,NA,NA,NA,NA,NA,1
"Colgate","Patriot",1.50833769306522,-6.5668,-5.25755555555556,-112,144,79,112,95,112.925,107.5,0,14.23,103,1,0,0,0.5
"Wichita St.","AAC",1.4577164839863,-15.4536,-12.6053333333333,-201,145,257,168,227,182.975,199.25,0,NA,NA,NA,NA,NA,1
"Towson","CAA",1.43151226784165,-11.03132,-9.07122222222222,-182,146,152,156,154,152.65,152,0,NA,NA,NA,NA,NA,1
"Ohio","MAC",1.11262014263983,-11.81244,-10.6034444444444,-225,147,169,186,187,173.825,172.25,0,NA,NA,NA,NA,NA,1
"Missouri St.","MVC",1.09819747669498,-12.45084,-9.842,-149,148,185,134,167,149.275,158.5,0,NA,NA,NA,NA,NA,1
"Liberty","C-USA",1.08893201436738,-11.66696,-9.86711111111111,-233,149,166,191,168,173.875,168.5,0,NA,NA,NA,NA,NA,1
"St. Thomas (MN)","Summit",1.05673075505079,-11.52268,-10.4233333333333,-265,150,161,219,177,187.8,176.75,0,NA,NA,NA,NA,NA,1
"Wyoming","MWC",1.05111381110695,-11.85116,-8.71144444444444,-165,151,170,145,146,150.375,153,0,NA,NA,NA,NA,NA,1
"Eastern Wash.","Big Sky",1.01764258949296,-8.2314,-6.30033333333333,-114,152,97,115,107,120.55,117.75,0,NA,NA,NA,NA,NA,1
"UNC Greensboro","Southern",0.959276291691266,-8.93428,-7.20177777777778,-142,153,109,127,122,130.175,127.75,0,NA,NA,NA,NA,NA,1
"Sam Houston","C-USA",0.900564272524748,-9.61272,-7.69877777777778,-148,154,122,132,129,135.625,134.25,0,NA,NA,NA,NA,NA,1
"Wright St.","Horizon",0.739319227636228,-12.2896,-10.7744444444444,-200,155,181,164,189,167.425,172.25,0,NA,NA,NA,NA,NA,1
"Murray St.","MVC",0.72477050563777,-16.74224,-14.22,-235,156,285,193,269,207.05,225.75,0,NA,NA,NA,NA,NA,1
"Louisiana","Sunbelt",0.698281750986931,-12.03936,-10.2587777777778,-196,157,176,162,173,164.225,167,0,NA,NA,NA,NA,NA,1
"Purdue Fort Wayne","Horizon",0.60366735056175,-10.43168,-9.13111111111111,-169,158,146,147,157,150.85,152,0,NA,NA,NA,NA,NA,1
"Weber St.","Big Sky",0.591247025634794,-10.08468,-8.65711111111111,-233,159,133,190,143,167.825,156.25,0,NA,NA,NA,NA,NA,1
"UMass Lowell","Am. East",0.54463094199549,-8.69516,-7.45288888888889,-148,160,106,131,128,134.125,131.25,0,NA,NA,NA,NA,NA,1
"Montana","Big Sky",0.502929184886496,-8.69416,-7.34344444444444,-180,161,105,152,125,143.825,135.75,0,NA,NA,NA,NA,NA,1
"Hawaii","Big West",0.168394291990878,-12.00848,-10.2695555555556,-186,162,174,159,174,163.875,167.25,0,NA,NA,NA,NA,NA,1
"UNC Asheville","Big South",-0.031127743966906,-9.90896,-8.31744444444444,-150,164,127,136,138,141.9,141.25,0,NA,NA,NA,NA,NA,1
"UC Davis","Big West",-0.056077084710491,-11.15656,-9.53788888888889,-236,165,154,195,163,177.35,169.25,0,NA,NA,NA,NA,NA,1
"Fairfield","MAAC",-0.368186733048418,-10.73132,-9.52888888888889,-236,167,149,194,162,176.5,168,0,NA,NA,NA,NA,NA,1
"Vanderbilt","SEC",-0.454968373391394,-15.56212,-11.5882222222222,-260,168,260,213,209,208.3,212.5,0,NA,NA,NA,NA,NA,1
"Kent St.","MAC",-0.626025081451175,-14.82264,-13.1017777777778,-270,169,239,226,241,215.575,218.75,0,NA,NA,NA,NA,NA,1
"Lipscomb","A-Sun",-0.67392560613356,-10.19132,-8.72322222222222,-204,170,137,171,147,162.65,156.25,0,NA,NA,NA,NA,NA,1
"Utah Valley","WAC",-0.695779453065328,-13.39712,-11.3235555555556,-200,171,206,165,202,177.275,186,0,NA,NA,NA,NA,NA,1
"Quinnipiac","MAAC",-0.708258694056822,-7.6232,-6.50455555555556,-145,172,90,128,115,131.675,126.25,0,NA,NA,NA,NA,NA,1
"Delaware","CAA",-0.808547497424452,-12.36668,-10.8497777777778,-197,173,182,163,190,171.725,177,0,NA,NA,NA,NA,NA,1
"LMU (CA)","WCC",-0.854822311280353,-15.4312,-13.1272222222222,-245,174,255,204,243,209.025,219,0,NA,NA,NA,NA,NA,1
"Louisville","ACC",-0.874135318052862,-17.58808,-13.7573333333333,-238,175,303,198,261,215.875,234.25,0,NA,NA,NA,NA,NA,1
"Bryant","Am. East",-0.908076365033426,-10.5522,-8.69566666666667,-156,176,147,141,145,151.15,152.25,0,NA,NA,NA,NA,NA,1
"Fordham","A-10",-0.914092406992633,-16.83048,-14.3096666666667,-303,177,289,249,271,239.75,246.5,0,NA,NA,NA,NA,NA,1
"Winthrop","Big South",-0.917355580926679,-12.7568,-11.031,-213,178,191,177,197,181.85,185.75,0,NA,NA,NA,NA,NA,1
"Temple","AAC",-0.956576288884183,-16.2158,-13.3813333333333,-262.96,179,273,216,250,219.55,229.5,0,NA,NA,NA,NA,NA,1
"Georgetown","Big East",-0.959957823489795,-15.49348,-11.5524444444444,-245,180,259,203,208,206.275,212.5,0,NA,NA,NA,NA,NA,1
"Illinois St.","MVC",-0.99015588851448,-14.01344,-11.8024444444444,-247,181,217,205,214,201.925,204.25,0,NA,NA,NA,NA,NA,1
"SFA","WAC",-1.01893675588134,-12.88932,-11.0378888888889,-228,182,195,187,198,188.325,190.5,0,NA,NA,NA,NA,NA,1
"East Carolina","AAC",-1.0881926188221,-14.98256,-12.5408888888889,-216,183,245,181,225,196.6,208.5,0,NA,NA,NA,NA,NA,1
"Stony Brook","CAA",-1.14774422693502,-12.01128,-9.92433333333333,-182,184,175,157,169,167.95,171.25,0,NA,NA,NA,NA,NA,1
"UTEP","C-USA",-1.22411638476706,-14.1318,-12.4244444444444,-262,185,218,214,222,208.35,209.75,0,NA,NA,NA,NA,NA,1
"ETSU","Southern",-1.22576929019208,-13.53028,-11.4247777777778,-195,186,208,161,207,180.05,190.5,0,NA,NA,NA,NA,NA,1
"La Salle","A-10",-1.74387315802679,-13.82648,-11.4141111111111,-200,187,216,166,206,183.75,193.75,0,NA,NA,NA,NA,NA,1
"Tulsa","AAC",-1.76248278610383,-12.77356,-10.8714444444444,-203,188,192,169,193,180.2,185.5,0,NA,NA,NA,NA,NA,1
"Little Rock","OVC",-1.79066435611218,-11.31988,-10.592,-296,189,157,245,183,210.05,193.5,0,NA,NA,NA,NA,NA,1
"Brown","Ivy",-1.83000287880549,-15.43844,-13.3982222222222,-291.912,190,256,240,251,231.275,234.25,0,NA,NA,NA,NA,NA,1
"A&M-Corpus Christi","Southland",-1.86361487294461,-8.55516,-7.38255555555556,-181,191,102,154,126,151.95,143.25,0,NA,NA,NA,NA,NA,1
"Saint Louis","A-10",-1.90331567455417,-16.11836,-13.0081111111111,-203,192,271,170,239,199.275,218,0,NA,NA,NA,NA,NA,1
"Texas St.","Sunbelt",-2.022274079952,-14.49416,-12.2901111111111,-253,193,227,211,219,209.9,212.5,0,NA,NA,NA,NA,NA,1
"George Washington","A-10",-2.0356668608189,-14.19156,-11.9174444444444,-230,194,219,189,217,198.25,204.75,0,NA,NA,NA,NA,NA,1
"UIC","MVC",-2.12955427613868,-17.75556,-15.2073333333333,-285,195,306,235,294,243.025,257.5,0,NA,NA,NA,NA,NA,1
"UC Santa Barbara","Big West",-2.13475498286499,-13.18576,-11.7005555555556,-288,196,201,236,212,217.75,211.25,0,NA,NA,NA,NA,NA,1
"California Baptist","WAC",-2.164013425803,-15.10176,-13.4354444444444,-300,197,249,247,252,235.425,236.25,0,NA,NA,NA,NA,NA,1
"Saint Peter's","MAAC",-2.16883704677348,-11.5822,-10.2966666666667,-238,198,163,197,175,189.4,183.25,0,NA,NA,NA,NA,NA,1
"Northern Ky.","Horizon",-2.18233384229744,-12.63696,-10.9284444444444,-209,199,189,174,194,185,189,0,NA,NA,NA,NA,NA,1
"Cleveland St.","Horizon",-2.19440846211218,-11.88764,-10.2268888888889,-201,200,172,167,172,176.625,177.75,0,NA,NA,NA,NA,NA,1
"Wofford","Southern",-2.22891643567893,-12.44316,-10.5926666666667,-190,201,184,160,184,176.85,182.25,0,NA,NA,NA,NA,NA,1
"Monmouth","CAA",-2.23823879664783,-12.58036,-10.5587777777778,-179,202,188,151,180,172.925,180.25,0,NA,NA,NA,NA,NA,1
"Northern Colo.","Big Sky",-2.51805649763845,-11.56808,-10.377,-265,203,162,218,176,200.6,189.75,0,NA,NA,NA,NA,NA,1
"Jacksonville St.","C-USA",-2.60044430280584,-16.2552,-14.8116666666667,-396,204,275,303,281,271.3,265.75,0,NA,NA,NA,NA,NA,1
"UC Riverside","Big West",-2.74910110768635,-15.04708,-13.0312222222222,-290,205,247,239,240,231.825,232.75,0,NA,NA,NA,NA,NA,1
"Penn","Ivy",-2.84397770154712,-14.42428,-12.5336666666667,-251,206,225,210,224,213,216.25,0,NA,NA,NA,NA,NA,1
"Pepperdine","WCC",-2.93069220352935,-15.9052,-13.3443333333333,-284,207,267,234,249,234.075,239.25,0,NA,NA,NA,NA,NA,1
"Kansas City","Summit",-2.95220516167081,-13.74756,-12.3532222222222,-317,208,214,254,220,232.25,224,0,NA,NA,NA,NA,NA,1
"Rhode Island","A-10",-2.9806322975867,-16.6312,-13.9478888888889,-273,209,283,229,264,236.475,246.25,0,NA,NA,NA,NA,NA,1
"Gardner-Webb","Big South",-3.04239194074732,-13.62552,-11.777,-256,210,211,212,213,211.475,211.5,0,NA,NA,NA,NA,NA,1
"Mercer","Southern",-3.0754889899069,-13.66792,-11.9143333333333,-267,211,213,220,216,216.2,215,0,NA,NA,NA,NA,NA,1
"Fresno St.","MWC",-3.11229880337166,-15.863,-12.5525555555556,-237,212,264,196,226,213.95,224.5,0,NA,NA,NA,NA,NA,1
"Rice","AAC",-3.17273738918774,-17.0038,-14.4517777777778,-271,213,291,227,274,238.975,251.25,0,NA,NA,NA,NA,NA,1
"Rider","MAAC",-3.20946907847777,-14.46908,-12.738,-279,214,226,231,230,225.875,225.25,0,NA,NA,NA,NA,NA,1
"Georgia St.","Sunbelt",-3.29456132603952,-14.80676,-13.1625555555556,-312,215,238,253,244,240.125,237.5,0,NA,NA,NA,NA,NA,1
"UT Martin","OVC",-3.30318751239397,-9.41344,-8.19411111111111,-161,216,119,143,135,156.65,153.25,0,NA,NA,NA,NA,NA,1
"Milwaukee","Horizon",-3.34390824139424,-13.01276,-11.3822222222222,-248,217,198,207,205,207.9,206.75,0,NA,NA,NA,NA,NA,1
"Abilene Christian","WAC",-3.41675515986629,-14.78664,-12.8506666666667,-264,218,237,217,234,222.375,226.5,0,NA,NA,NA,NA,NA,1
"Merrimack","NEC",-3.45209301293026,-9.99156,-8.68611111111111,-215,219,130,178,144,176.8,167.75,0,NA,NA,NA,NA,NA,1
"Marist","MAAC",-3.45653597544862,-12.11968,-11.2092222222222,-292,220,179,242,201,221.925,210.5,0,NA,NA,NA,NA,NA,1
"Montana St.","Big Sky",-3.57944153227334,-14.50256,-13.1118888888889,-338,221,228,274,242,249.85,241.25,0,15.95,103,1,0,0,0.5
"Evansville","MVC",-3.58711346464744,-13.19032,-10.5948888888889,-147,222,202,130,186,170.8,185,0,NA,NA,NA,NA,NA,1
"Lamar University","Southland",-3.6030458763817,-12.46096,-11.1667777777778,-251,223,186,209,200,207.925,204.5,0,NA,NA,NA,NA,NA,1
"Stetson","A-Sun",-3.61337748092236,-9.49036,-8.09222222222222,-241,224,121,200,134,185.9,169.75,0,15.94,103,1,0,0,0.5
"Eastern Ky.","A-Sun",-3.62625927880526,-11.75176,-10.5665555555556,-249,225,168,208,181,202.875,195.5,0,NA,NA,NA,NA,NA,1
"Cal St. Fullerton","Big West",-3.64440171146273,-15.002,-12.8947777777778,-288,226,246,237,236,235.475,236.25,0,NA,NA,NA,NA,NA,1
"CSU Bakersfield","Big West",-3.65675946871916,-16.78136,-15.0227777777778,-327,227,287,263,287,260.6,266,0,NA,NA,NA,NA,NA,1
"CSUN","Big West",-3.73475568446623,-13.29252,-11.6957777777778,-268,228,204,224,211,220.375,216.75,0,NA,NA,NA,NA,NA,1
"North Dakota","Summit",-3.77718101297222,-12.49656,-11.3354444444444,-295,229,187,243,203,226.1,215.5,0,NA,NA,NA,NA,NA,1
"Austin Peay","A-Sun",-3.82647534887968,-13.43036,-11.9797777777778,-243,230,207,202,218,211.75,214.25,0,NA,NA,NA,NA,NA,1
"Iona","MAAC",-3.87510675123996,-15.39328,-14.025,-320,231,253,259,266,251.975,252.25,0,NA,NA,NA,NA,NA,1
"San Jose St.","MWC",-3.96908200909844,-18.15788,-14.9751111111111,-336,232,308,271,284,268.425,273.75,0,NA,NA,NA,NA,NA,1
"Green Bay","Horizon",-4.22794278774805,-11.85796,-10.4484444444444,-268,233,171,223,178,212.075,201.25,0,NA,NA,NA,NA,NA,1
"Harvard","Ivy",-4.30637998580465,-10.91228,-9.12977777777778,-180,234,151,153,156,173.325,173.5,0,NA,NA,NA,NA,NA,1
"Columbia","Ivy",-4.32934891264086,-12.40508,-11.0443333333333,-240,235,183,199,199,205.6,204,0,NA,NA,NA,NA,NA,1
"Maine","Am. East",-4.39084991835394,-15.21332,-13.676,-338,236,250,275,257,259.25,254.5,0,NA,NA,NA,NA,NA,1
"Mount St. Mary's","MAAC",-4.40024348411247,-17.5766,-16.3138888888889,-423,237,302,313,307,291.6,289.75,0,NA,NA,NA,NA,NA,1
"South Alabama","Sunbelt",-4.41075465466169,-12.87004,-11.3705555555556,-243,238,194,201,204,209.575,209.25,0,NA,NA,NA,NA,NA,1
"Radford","Big South",-4.46959330240353,-14.41796,-12.6686666666667,-318,239,224,255,229,243.1,236.75,0,NA,NA,NA,NA,NA,1
"Southern Miss.","Sunbelt",-4.48063814578241,-14.28404,-12.6672222222222,-267,240,221,221,228,226.625,227.5,0,NA,NA,NA,NA,NA,1
"Air Force","MWC",-4.49936817224444,-17.6236,-14.7425555555556,-262,241,304,215,278,242.725,259.5,0,NA,NA,NA,NA,NA,1
"Norfolk St.","MEAC",-4.53296541694558,-9.3374,-8.24311111111111,-212,242,117,175,136,178.175,167.5,0,NA,NA,NA,NA,NA,1
"UTSA","AAC",-4.5583268863759,-18.51328,-16.3843333333333,-334,243,313,266,309,272.675,282.75,0,NA,NA,NA,NA,NA,1
"Bowling Green","MAC",-4.5987319978202,-11.93648,-10.8605555555556,-274,244,173,230,192,220.2,209.75,0,NA,NA,NA,NA,NA,1
"FGCU","A-Sun",-4.62712575268671,-15.92904,-14.4071111111111,-370,245,268,289,273,272.85,268.75,0,NA,NA,NA,NA,NA,1
"UAlbany","Am. East",-4.63882233009948,-17.23124,-15.6628888888889,-319,246,296,257,301,265.6,275,0,NA,NA,NA,NA,NA,1
"Marshall","Sunbelt",-4.70972460720539,-17.40256,-15.3711111111111,-348,247,299,279,297,276.25,280.5,0,NA,NA,NA,NA,NA,1
"Northeastern","CAA",-4.86755974141084,-17.99384,-16.2214444444444,-321,248,307,261,306,270.275,280.5,0,NA,NA,NA,NA,NA,1
"New Hampshire","Am. East",-4.90336692297267,-12.289,-10.8507777777778,-269,249,180,225,191,220,211.25,0,NA,NA,NA,NA,NA,1
"Nicholls","Southland",-4.99983962178755,-11.18532,-9.30411111111111,-162,250,155,144,161,174.275,177.5,0,NA,NA,NA,NA,NA,1
"Southern Utah","WAC",-5.06732382393708,-18.63624,-16.7446666666667,-353,251,314,282,312,282.8,289.75,0,NA,NA,NA,NA,NA,1
"North Florida","A-Sun",-5.18385711617111,-14.25568,-12.8274444444444,-295,252,220,244,233,241.025,237.25,0,NA,NA,NA,NA,NA,1
"North Ala.","A-Sun",-5.27293077904798,-14.84616,-13.3063333333333,-302,253,240,248,247,247.925,247,0,NA,NA,NA,NA,NA,1
"Lehigh","Patriot",-5.28326999012354,-15.89096,-14.5053333333333,-371,254,266,290,275,275.525,271.25,0,NA,NA,NA,NA,NA,1
"The Citadel","Southern",-5.31676475935056,-19.02704,-17.2638888888889,-341,255,319,276,316,282.2,291.5,0,NA,NA,NA,NA,NA,1
"Omaha","Summit",-5.38682476791208,-16.0946,-14.7295555555556,-388,256,269,298,276,280.4,274.75,0,NA,NA,NA,NA,NA,1
"N.C. Central","MEAC",-5.45428595653452,-11.61384,-10.6382222222222,-292,257,164,241,188,226.825,212.5,0,NA,NA,NA,NA,NA,1
"Idaho St.","Big Sky",-5.46770523500922,-18.20088,-16.929,-438,258,310,316,315,300.475,299.75,0,NA,NA,NA,NA,NA,1
"Miami (OH)","MAC",-5.50526617146051,-15.36548,-13.9277777777778,-325,259,252,262,263,259.875,259,0,NA,NA,NA,NA,NA,1
"Portland St.","Big Sky",-5.74982688185414,-13.61164,-12.3773333333333,-290,260,209,238,221,237.025,232,0,NA,NA,NA,NA,NA,1
"Ball St.","MAC",-5.85641816654398,-14.78376,-13.7004444444444,-331,261,236,264,258,258.3,254.75,0,NA,NA,NA,NA,NA,1
"North Dakota St.","Summit",-5.93364438569837,-14.98092,-13.4747777777778,-320,262,244,258,254,256.4,254.5,0,NA,NA,NA,NA,NA,1
"Denver","Summit",-5.95207603757218,-15.093,-13.7312222222222,-337,263,248,272,260,264.65,260.75,0,NA,NA,NA,NA,NA,1
"Bucknell","Patriot",-6.04180661562923,-17.11184,-15.7477777777778,-399,264,293,304,304,292.35,291.25,0,NA,NA,NA,NA,NA,1
"Niagara","MAAC",-6.10280107580175,-14.848,-13.7206666666667,-395,265,241,300,259,277.275,266.25,0,NA,NA,NA,NA,NA,1
"Central Conn. St.","NEC",-6.11235672833805,-10.0332,-9.14922222222222,-216,266,132,179,158,191.075,183.75,0,NA,NA,NA,NA,NA,1
"Ga. Southern","Sunbelt",-6.23595677980737,-21.12312,-19.2431111111111,-467,267,339,325,334,313.725,316.25,0,NA,NA,NA,NA,NA,1
"UMBC","Am. East",-6.30625789834734,-19.4222,-18.0765555555556,-406,268,321,307,324,301.475,305,0,NA,NA,NA,NA,NA,1
"San Diego","WCC",-6.31365515778955,-11.48576,-9.15511111111111,-150,269,160,137,159,176.2,181.25,0,NA,NA,NA,NA,NA,1
"Oral Roberts","Summit",-6.3421029942214,-16.77728,-15.0925555555556,-337,270,286,273,289,276.2,279.5,0,NA,NA,NA,NA,NA,1
"Kennesaw St.","A-Sun",-6.51085675445011,-14.88508,-13.8284444444444,-372,271,243,291,262,275.175,266.75,0,NA,NA,NA,NA,NA,1
"Presbyterian","Big South",-6.55326873582618,-16.6024,-15.418,-416,272,282,311,298,295.275,290.75,0,NA,NA,NA,NA,NA,1
"Western Ill.","OVC",-6.64283193513335,-10.08748,-8.95388888888889,-225,273,134,185,151,195.1,185.75,0,NA,NA,NA,NA,NA,1
"Canisius","MAAC",-6.67993732714327,-16.24876,-14.7527777777778,-335,274,274,268,279,271.775,273.75,0,NA,NA,NA,NA,NA,1
"Queens (NC)","A-Sun",-6.73455474383026,-16.67008,-15.0274444444444,-369,275,284,288,288,284.15,283.75,0,NA,NA,NA,NA,NA,1
"Howard","MEAC",-6.82702344471795,-14.56028,-13.2892222222222,-332,276,231,265,246,260.275,254.5,0,16,97,0.941747572815534,0,0,0.5
"Texas Southern","SWAC",-6.98652469763345,-13.06872,-11.6845555555556,-319,277,200,256,210,247.1,235.75,0,NA,NA,NA,NA,NA,1
"Central Mich.","MAC",-7.04182725726478,-11.33148,-9.58255555555555,-235,278,158,192,164,204.9,198,0,NA,NA,NA,NA,NA,1
"American","Patriot",-7.13202936893486,-14.59272,-13.5017777777778,-369,279,233,287,255,272.9,263.5,0,NA,NA,NA,NA,NA,1
"Southern U.","SWAC",-7.19882816021192,-10.55288,-9.08955555555556,-268,280,148,222,155,217.025,201.25,0,NA,NA,NA,NA,NA,1
"Binghamton","Am. East",-7.30284815836365,-13.22596,-11.834,-282,281,203,233,215,238.25,233,0,NA,NA,NA,NA,NA,1
"Middle Tenn.","C-USA",-7.38055456286637,-16.91884,-15.1683333333333,-308,282,290,252,292,270.2,279,0,NA,NA,NA,NA,NA,1
"SIUE","OVC",-7.38496510054137,-14.534,-13.3292222222222,-321,283,230,260,248,259.75,255.25,0,NA,NA,NA,NA,NA,1
"FIU","C-USA",-7.45813948391419,-19.84192,-18.0534444444444,-419,284,325,312,322,308.2,310.75,0,NA,NA,NA,NA,NA,1
"Utah Tech","WAC",-7.50223480893479,-17.44024,-15.4622222222222,-296,285,300,246,299,270.475,282.5,0,NA,NA,NA,NA,NA,1
"Old Dominion","Sunbelt",-7.51062865082912,-22.72096,-20.7658888888889,-480,286,350,331,350,324.975,329.25,0,NA,NA,NA,NA,NA,1
"USC Upstate","Big South",-7.53351055070293,-18.37276,-16.9135555555556,-432,287,311,314,314,306.8,306.5,0,NA,NA,NA,NA,NA,1
"Jacksonville","A-Sun",-7.70668457999903,-14.57852,-13.1956666666667,-354,288,232,283,245,271.85,262,0,NA,NA,NA,NA,NA,1
"Grambling","SWAC",-7.71268098996164,-10.83956,-9.23266666666667,-224,289,150,184,160,202.15,195.75,0,16,96,0.932038834951456,0,0,0.5
"Chicago St.","Independent",-7.81309709617961,-15.68516,-14.0046666666667,-335,290,262,267,265,271.75,271,0,NA,NA,NA,NA,NA,1
"New Mexico St.","C-USA",-7.8495024013719,-16.20808,-14.183,-280,291,272,232,268,257.25,265.75,0,NA,NA,NA,NA,NA,1
"Boston U.","Patriot",-7.99618694137586,-16.09748,-15.2013333333333,-433,292,270,315,293,299.75,292.5,0,NA,NA,NA,NA,NA,1
"Tennessee St.","OVC",-8.01590656101555,-13.62228,-12.524,-306,293,210,250,223,251.375,244,0,NA,NA,NA,NA,NA,1
"Sacred Heart","NEC",-8.03920114236617,-14.63236,-13.6592222222222,-386,294,234,297,256,281.675,270.25,0,NA,NA,NA,NA,NA,1
"Valparaiso","MVC",-8.04633193341064,-21.58572,-19.1437777777778,-345,295,343,277,332,298.275,311.75,0,NA,NA,NA,NA,NA,1
"Le Moyne","NEC",-8.08706159485141,-15.801,-14.8358888888889,-395,296,263,301,282,291.675,285.5,0,NA,NA,NA,NA,NA,1
"DePaul","Big East",-8.26203385215186,-20.56596,-16.1676666666667,-353,297,332,281,305,295.65,303.75,0,NA,NA,NA,NA,NA,1
"Delaware St.","MEAC",-8.29348765118051,-16.3174,-15.158,-449,298,276,319,290,303.675,295.75,0,NA,NA,NA,NA,NA,1
"Wagner","NEC",-8.34068654329019,-13.80836,-12.819,-360,299,215,285,232,271.375,257.75,0,16,103,1,0,0,0.5
"ULM","Sunbelt",-8.40585974002631,-16.50584,-14.9221111111111,-336,300,278,270,283,280.325,282.75,0,NA,NA,NA,NA,NA,1
"Portland","WCC",-8.46949446307898,-17.24436,-14.7321111111111,-306,301,297,251,277,273.65,281.5,0,NA,NA,NA,NA,NA,1
"Robert Morris","Horizon",-8.48808881643749,-20.06908,-18.5278888888889,-409,302,327,309,328,312.325,316.5,0,NA,NA,NA,NA,NA,1
"Western Mich.","MAC",-8.71604663227821,-18.19372,-16.7017777777778,-395,303,309,302,311,304.425,306.25,0,NA,NA,NA,NA,NA,1
"Sacramento St.","Big Sky",-9.10695468292827,-22.2264,-20.6417777777778,-552,304,347,346,348,335.9,336.25,0,NA,NA,NA,NA,NA,1
"NIU","MAC",-9.28287091203265,-17.46988,-15.6716666666667,-367,305,301,286,302,295,298.5,0,NA,NA,NA,NA,NA,1
"Campbell","CAA",-9.31661669392782,-16.5672,-15.273,-375,306,280,292,295,294.075,293.25,0,NA,NA,NA,NA,NA,1
"Alcorn","SWAC",-9.32227554460126,-14.86556,-12.8637777777778,-273,307,242,228,235,250.725,253,0,NA,NA,NA,NA,NA,1
"South Carolina St.","MEAC",-9.359326593691,-15.89084,-14.3242222222222,-350,308,265,280,272,283.75,281.25,0,NA,NA,NA,NA,NA,1
"Southeastern La.","Southland",-9.39782368493217,-14.40808,-12.9631111111111,-336,309,223,269,237,268.1,259.5,0,NA,NA,NA,NA,NA,1
"Jackson St.","SWAC",-9.44054367459583,-14.38716,-13.0076666666667,-347,310,222,278,238,272.6,262,0,NA,NA,NA,NA,NA,1
"Lafayette","Patriot",-9.50797168967226,-19.64864,-18.3824444444444,-477,311,324,329,326,323.375,322.5,0,NA,NA,NA,NA,NA,1
"Coastal Carolina","Sunbelt",-9.85028856662112,-20.3926,-18.9262222222222,-452,312,330,320,331,320.875,323.25,0,NA,NA,NA,NA,NA,1
"William & Mary","CAA",-9.87415205367946,-21.66372,-20.3751111111111,-496,313,345,337,343,332.95,334.5,0,NA,NA,NA,NA,NA,1
"Eastern Ill.","OVC",-9.92420770473353,-15.42448,-14.1665555555556,-402,314,254,305,267,294.85,285,0,NA,NA,NA,NA,NA,1
"Bethune-Cookman","SWAC",-9.96654373701722,-14.52636,-13.4554444444444,-382,315,229,294,253,284.375,272.75,0,NA,NA,NA,NA,NA,1
"Navy","Patriot",-10.0693794850703,-17.18944,-16.3712222222222,-454,316,295,321,308,314.225,310,0,NA,NA,NA,NA,NA,1
"Idaho","Big Sky",-10.1376629663617,-19.43164,-18.0713333333333,-457,317,322,322,323,320.875,321,0,NA,NA,NA,NA,NA,1
"Charleston So.","Big South",-10.1415958263212,-17.29524,-15.5593333333333,-391,318,298,299,300,303.725,303.75,0,NA,NA,NA,NA,NA,1
"Elon","CAA",-10.1429658020025,-17.17928,-15.7292222222222,-375,319,294,293,303,300.9,302.25,0,NA,NA,NA,NA,NA,1
"Alabama St.","SWAC",-10.2403017587547,-16.49588,-14.9856666666667,-404,320,277,306,285,302.525,297,0,NA,NA,NA,NA,NA,1
"Bellarmine","A-Sun",-10.4151843737209,-20.48248,-18.7646666666667,-475,321,331,328,329,326.825,327.25,0,NA,NA,NA,NA,NA,1
"Northern Ariz.","Big Sky",-10.5296240333738,-16.5972,-15.018,-358,322,281,284,286,293.3,293.25,0,NA,NA,NA,NA,NA,1
"South Dakota","Summit",-11.0279633334667,-18.86676,-17.7548888888889,-463,323,317,324,320,322.2,321,0,NA,NA,NA,NA,NA,1
"Eastern Mich.","MAC",-11.9069077532094,-16.50912,-15.2818888888889,-414,324,279,310,296,307.1,302.25,0,NA,NA,NA,NA,NA,1
"Northwestern St.","Southland",-12.0910156121824,-20.88216,-19.4822222222222,-525,325,337,342,337,336.375,335.25,0,NA,NA,NA,NA,NA,1
"Fairleigh Dickinson","NEC",-12.1664861074931,-15.63352,-14.7617777777778,-443,326,261,317,280,306.225,296,0,NA,NA,NA,NA,NA,1
"Southern Ind.","OVC",-12.1742253200367,-21.70856,-20.3575555555556,-552,327,346,345,342,340.275,340,0,NA,NA,NA,NA,NA,1
"Cal Poly","Big West",-12.1841203283631,-26.31788,-24.6828888888889,-604,328,360,356,360,350.1,351,0,NA,NA,NA,NA,NA,1
"Dartmouth","Ivy",-12.3252509190631,-18.86864,-17.2992222222222,-384,329,318,296,317,310.175,315,0,NA,NA,NA,NA,NA,1
"NJIT","Am. East",-12.3780581811661,-19.35524,-18.0114444444444,-515,330,320,341,321,332.6,328,0,NA,NA,NA,NA,NA,1
"Alabama A&M","SWAC",-12.5227949327163,-20.0906,-18.8588888888889,-483,331,328,334,330,331.85,330.75,0,NA,NA,NA,NA,NA,1
"UTRGV","WAC",-12.6359001999322,-22.57512,-20.7051111111111,-494,332,348,336,349,338.425,341.25,0,NA,NA,NA,NA,NA,1
"Army West Point","Patriot",-12.9255560562046,-21.21952,-20.4422222222222,-624,333,340,357,345,346.95,343.75,0,NA,NA,NA,NA,NA,1
"Tex. A&M-Commerce","Southland",-13.0328979470018,-17.00712,-15.1647777777778,-383,334,292,295,291,303.8,303,0,NA,NA,NA,NA,NA,1
"Tennessee Tech","OVC",-13.3435275389228,-19.45456,-18.4117777777778,-485,335,323,335,327,332.2,330,0,NA,NA,NA,NA,NA,1
"Manhattan","MAAC",-13.4191515041241,-20.86156,-19.6551111111111,-529,336,336,343,338,339.575,338.25,0,NA,NA,NA,NA,NA,1
"Ark.-Pine Bluff","SWAC",-13.5063022074055,-15.49268,-14.2881111111111,-409,337,258,308,270,303,293.25,0,NA,NA,NA,NA,NA,1
"Morgan St.","MEAC",-13.5156918055054,-17.66288,-16.445,-470,338,305,327,310,324.325,320,0,NA,NA,NA,NA,NA,1
"Central Ark.","A-Sun",-13.9561016680165,-21.44828,-20.1694444444444,-552,339,341,344,341,341.925,341.25,0,NA,NA,NA,NA,NA,1
"Hampton","CAA",-14.1355317337193,-22.83972,-21.668,-561,340,352,348,352,347.1,348,0,NA,NA,NA,NA,NA,1
"Prairie View","SWAC",-14.1888916600199,-18.7768,-17.4547777777778,-459,341,316,323,318,325.825,324.5,0,NA,NA,NA,NA,NA,1
"Florida A&M","SWAC",-14.2622199680441,-18.49964,-16.8047777777778,-480,342,312,330,313,328.175,324.25,0,NA,NA,NA,NA,NA,1
"Buffalo","MAC",-14.3907206116369,-25.18532,-23.598,-597,343,356,355,356,352.275,352.5,0,NA,NA,NA,NA,NA,1
"Loyola Maryland","Patriot",-14.4463361789339,-23.48212,-22.2561111111111,-629,344,353,358,353,353.125,352,0,NA,NA,NA,NA,NA,1
"N.C. A&T","CAA",-14.4821511196384,-22.784,-20.9686666666667,-481,345,351,332,351,340.475,344.75,0,NA,NA,NA,NA,NA,1
"Holy Cross","Patriot",-14.8016342098839,-21.56292,-20.4303333333333,-591,346,342,354,344,348.95,346.5,0,NA,NA,NA,NA,NA,1
"UIW","Southland",-14.9133557945873,-21.64812,-20.5881111111111,-585,347,344,352,347,348.925,347.5,0,NA,NA,NA,NA,NA,1
"New Orleans","Southland",-15.0532206630368,-20.98444,-19.3915555555556,-482,348,338,333,335,337.75,338.5,0,NA,NA,NA,NA,NA,1
"UMES","MEAC",-15.2329970876874,-18.73704,-17.6334444444444,-448,349,315,318,319,325.425,325.25,0,NA,NA,NA,NA,NA,1
"Detroit Mercy","Horizon",-15.3129911211922,-28.48048,-26.4997777777778,-588,350,362,353,362,354.725,356.75,0,NA,NA,NA,NA,NA,1
"LIU","NEC",-15.4046447306958,-20.79944,-19.6846666666667,-512,351,335,340,339,341.875,341.25,0,NA,NA,NA,NA,NA,1
"Southeast Mo. St.","OVC",-16.2687288323825,-20.64492,-19.4817777777778,-507,352,333,338,336,340.5,339.75,0,NA,NA,NA,NA,NA,1
"Saint Francis (PA)","NEC",-16.6935877848549,-20.78112,-19.722,-562,353,334,349,340,346.625,344,0,NA,NA,NA,NA,NA,1
"Siena","MAAC",-16.9551689394433,-26.54684,-25.1736666666667,-676,354,361,361,361,359.25,359.25,0,NA,NA,NA,NA,NA,1
"Lindenwood","OVC",-17.1086508336013,-20.23444,-19.2335555555556,-571,355,329,350,333,345.975,341.75,0,NA,NA,NA,NA,NA,1
"Stonehill","NEC",-17.7756112880228,-24.5644,-23.2066666666667,-637,356,355,359,355,357.15,356.25,0,NA,NA,NA,NA,NA,1
"Pacific","WCC",-17.8476084448281,-22.69896,-20.5634444444444,-510,357,349,339,346,345.875,347.75,0,NA,NA,NA,NA,NA,1
"Houston Christian","Southland",-17.8650611362617,-20.02612,-18.272,-468,358,326,326,325,333.875,333.75,0,NA,NA,NA,NA,NA,1
"Coppin St.","MEAC",-19.4032963753734,-25.50264,-24.2664444444444,-682,359,357,362,358,360,359,0,NA,NA,NA,NA,NA,1
"VMI","Southern",-19.4767276448483,-26.06808,-24.3454444444444,-571,360,359,351,359,355.45,357.25,0,NA,NA,NA,NA,NA,1
"IUPUI","Horizon",-19.9001373501935,-24.35096,-22.9347777777778,-556,361,354,347,354,352.425,354,0,NA,NA,NA,NA,NA,1
"Mississippi Val.","SWAC",-24.0496619035349,-25.97392,-24.0075555555556,-671,362,358,360,357,359.825,359.25,0,NA,NA,NA,NA,NA,1
