"team","conference","yusag_coeff","off_coeff","def_coeff","rank","off_rank","def_rank"
"Gonzaga","WCC",27.931443105922,23.8464015186947,4.08504158735412,1,1,96
"Illinois","Big 10",25.3034917627995,16.2277514532377,9.07574030968867,2,3,24
"Baylor","Big 12",23.2039432296382,15.5918277373826,7.6121154923823,3,4,34
"Iowa","Big 10",23.0623223739146,17.8841632008012,5.1781591733736,4,2,75
"Michigan","Big 10",23.0136918963618,10.8130810719919,12.2006108243633,5,14,9
"Houston","AAC",22.434967215556,9.19420848352015,13.2407587321626,6,24,5
"Alabama","SEC",21.1445999544305,13.321955184818,7.82264476973919,7,7,32
"Ohio St.","Big 10",20.9446492580598,14.1498585610597,6.79479069712687,8,6,44
"Villanova","Big East",18.5626168566614,8.85368930983719,9.70892754695101,9,28,22
"Southern California","Pac 12",18.1349774373411,8.06143510757596,10.0735423298919,10,32,19
"UConn","Big East",18.0048972209065,7.03530012266804,10.9695970983652,11,41,14
"Wisconsin","Big 10",18.0036702678054,4.34364604022613,13.660024227706,12,90,3
"Creighton","Big East",17.9344130363846,11.1578909097962,6.77652212664861,13,13,45
"Colorado","Pac 12",17.6912048158638,6.83235965730382,10.8588451586867,14,46,17
"Arkansas","SEC",17.6241401538803,12.6706080096424,4.95353214433126,15,10,81
"Purdue","Big 10",17.5315428885236,6.61626336091538,10.9152795278016,16,49,15
"Tennessee","SEC",17.032637330524,5.03244335764558,12.0001939730052,17,77,10
"Florida St.","ACC",16.9274817043806,12.8258707884317,4.10161091620889,18,9,95
"Virginia","ACC",16.6283792315777,0.800914390000072,15.8274648417044,19,149,1
"North Carolina","ACC",16.6220428364339,9.99370787862008,6.62833495794064,20,19,48
"Kansas","Big 12",16.4468174791108,5.63750949110707,10.8093079881305,21,63,18
"St. Bonaventure","A-10",16.228767126659,3.16550770621748,13.0632594205683,22,111,6
"LSU","SEC",16.1007708965733,15.3815518330139,0.719219063686212,23,5,162
"BYU","WCC",16.0329734420204,8.96140387248334,7.07156956963057,24,26,40
"Texas Tech","Big 12",15.8693727380395,4.98153690816904,10.8878358299306,25,80,16
"San Diego St.","MWC",15.8654252835476,4.41372351375687,11.4517017699174,26,89,13
"West Virginia","Big 12",15.7459623470313,12.1896733264483,3.55628902070984,27,11,110
"Texas","Big 12",15.3851060852512,9.61633772361337,5.76876836176461,28,21,62
"Maryland","Big 10",15.2342158424138,3.65532001610479,11.5788958264357,29,98,12
"Florida","SEC",14.9444177080908,6.70734904967865,8.23706865853896,30,47,26
"Loyola Chicago","MVC",14.78229211833,1.24735746501799,13.5349346533387,31,143,4
"Georgia Tech","ACC",14.5296625205025,8.74679936264813,5.78286315798113,32,29,61
"Rutgers","Big 10",14.5162497741639,4.5046132315262,10.0116365431644,33,86,20
"Oregon","Pac 12",14.1740719958455,6.96515211353296,7.20891988237264,34,44,38
"Oklahoma St.","Big 12",14.0808395593934,10.2010031281248,3.87983643159539,35,16,104
"Memphis","AAC",14.0418138666499,4.83365188485756,9.20816198191916,36,83,23
"Duke","ACC",14.00054350681,10.0959625957655,3.90458091103794,37,18,103
"Penn St.","Big 10",13.9841942403395,8.93904618899367,5.04514805107258,38,27,79
"Indiana","Big 10",13.5246257968256,5.62826667123836,7.89635912598072,39,64,30
"Utah St.","MWC",13.5053062316542,3.53051167289566,9.97479455888535,40,104,21
"Arizona","Pac 12",13.4691311417582,8.22384158340439,5.24528955848064,41,30,72
"Syracuse","ACC",13.2518194683639,9.23699202337965,4.01482744511103,42,23,99
"Oklahoma","Big 12",13.1591321562106,6.9446108252236,6.2145213311138,43,45,55
"Virginia Tech","ACC",13.1019466897894,4.8775777961585,8.22436889382431,44,82,27
"UCLA","Pac 12",12.9686397924133,5.93246083573697,7.03617895690311,45,57,41
"Colgate","Patriot",12.7529742371447,11.6802471897698,1.07272704720172,46,12,155
"Seton Hall","Big East",12.740958684993,5.42625173253129,7.3147069525885,47,69,36
"Georgetown","Big East",12.6891995742594,6.13218787234293,6.55701170204328,48,55,49
"Kentucky","SEC",12.627716875053,5.26469433043508,7.36302254471139,49,71,35
"Ole Miss","SEC",12.593688157134,-0.0774968437327388,12.6711850009935,50,170,7
"VCU","A-10",12.2440695136052,4.15066442392953,8.09340508980248,51,92,29
"Clemson","ACC",11.8326749523917,-0.577761012257573,12.4104359649094,52,177,8
"Saint Louis","A-10",11.7324276559705,5.26500955425963,6.4674181017043,53,70,51
"Missouri","SEC",11.6363873587828,6.58575540279752,5.05063195604539,54,51,78
"Minnesota","Big 10",11.633649600316,7.4100649292272,4.22358467111551,55,36,89
"Michigan St.","Big 10",11.3886211187342,3.58893898604274,7.79968213285153,56,101,33
"St. John's (NY)","Big East",11.2117818583202,13.0539267592093,-1.84214490076237,57,8,207
"Xavier","Big East",11.1187244887462,6.33713690400043,4.78158758480586,58,52,83
"Davidson","A-10",11.1032412642001,4.2925274744798,6.81071379001373,59,91,43
"Drake","MVC",10.2395373011725,6.58746029686754,3.65207700439834,60,50,108
"Colorado St.","MWC",10.2026240162505,5.13340915128172,5.06921486509555,61,74,77
"SMU","AAC",10.1673151763331,5.4415443692908,4.72577080706905,62,68,84
"Utah","Pac 12",10.1183273144546,6.01010058418601,4.1082267307954,63,56,94
"Auburn","SEC",9.99532349778355,9.93573351360697,0.0595899841700467,64,20,175
"Louisville","ACC",9.90679592654555,1.65490093411604,8.25189499248962,65,131,25
"Providence","Big East",9.84549091044183,3.4876437826069,6.3578471278617,66,105,52
"North Texas","C-USA",9.83838144824379,-2.07750571834987,11.9158871667204,67,220,11
"Richmond","A-10",9.81299582762591,5.80343681666572,4.00955901095363,68,60,100
"Wichita St.","AAC",9.46951858380874,4.9300480887292,4.5394704952063,69,81,86
"Toledo","MAC",9.4613819808597,10.379599113863,-0.918217132876526,70,15,190
"Boise St.","MWC",9.37533682352504,5.72043085602895,3.65490596752283,71,62,107
"Mississippi St.","SEC",9.3230187514542,1.47811541013747,7.84490334141022,72,137,31
"Marquette","Big East",9.30906527385437,3.60473271319088,5.70433256092359,73,100,64
"Louisiana Tech","C-USA",9.22617722412969,2.46077841365452,6.76539881053528,74,124,46
"Stanford","Pac 12",9.16753884267212,3.75718147050804,5.41035737229086,75,97,70
"Northwestern","Big 10",9.16300429243823,3.21172457239126,5.9512797200071,76,110,60
"NC State","ACC",9.09081689846671,5.00842159401207,4.08239530458142,77,78,97
"Oregon St.","Pac 12",8.97117935999988,2.65129887702409,6.3198804831026,78,121,53
"Buffalo","MAC",8.90633903084605,9.44461471386731,-0.538275682927802,79,22,181
"Notre Dame","ACC",8.78112007167602,7.01409697112791,1.7670231006749,80,42,143
"Saint Mary's (CA)","WCC",8.51437576660497,-5.87082534856167,14.3852011152601,81,300,2
"Dayton","A-10",8.33949151588479,3.53080650106632,4.80868501467852,82,103,82
"Pittsburgh","ACC",7.81810213929898,4.09015661774101,3.72794552115139,83,93,106
"Furman","Southern",7.54305316980914,4.98166529465974,2.56138787514283,84,79,127
"Vanderbilt","SEC",7.53989080430444,5.2212344899643,2.3186563144669,85,72,130
"UC Santa Barbara","Big West",7.48931866772305,1.87096103379332,5.6183576340565,86,129,66
"Marshall","C-USA",7.36061361032084,10.142683272872,-2.78206966242437,87,17,237
"Ohio","MAC",7.25712732181941,7.15653220663966,0.10059511527318,88,38,173
"San Francisco","WCC",7.10184120793284,2.42233508549193,4.67950612256771,89,125,85
"Winthrop","Big South",7.06250382846781,7.10134580647696,-0.0388419779156965,90,40,176
"UNC Greensboro","Southern",7.04376357030721,1.53066365049569,5.51309991993829,91,133,69
"Western Ky.","C-USA",7.02398231814226,2.70215911017501,4.32182320809402,92,118,88
"Nevada","MWC",6.89666966426933,6.17046913095148,0.72620053341131,93,54,161
"UAB","C-USA",6.79946730331407,-0.447201386497715,7.24666868993854,94,175,37
"Rhode Island","A-10",6.78492625198645,3.96525600075216,2.81967025136107,95,94,120
"Wright St.","Horizon",6.71732461119044,5.91084335917023,0.806481251946981,96,58,160
"Nebraska","Big 10",6.54491253512598,3.77735966272058,2.76755287253222,97,96,123
"LMU (CA)","WCC",6.52384015458403,1.17569470192197,5.34814545278882,98,144,71
"Washington St.","Pac 12",6.49101438383678,0.947806798160435,5.54320758573646,99,146,67
"Butler","Big East",6.44950137779826,-1.73551022788163,8.18501160580665,100,208,28
"Georgia","SEC",6.24015489130833,9.03405504787058,-2.79390015663543,101,25,238
"Belmont","OVC",6.12604348406804,7.92194905717431,-1.79590557297956,102,33,205
"Arizona St.","Pac 12",6.12436897990446,8.22348430921925,-2.09911532922135,103,31,213
"Eastern Wash.","Big Sky",5.8440871947518,7.66391825105542,-1.81983105617691,104,35,206
"UCF","AAC",5.58295688106289,1.64108337408836,3.94187350696797,105,132,101
"Massachusetts","A-10",5.47367648368664,6.99322337235931,-1.51954688881257,106,43,200
"Liberty","A-Sun",5.3435908854116,-0.337284379783469,5.68087526532181,107,173,65
"Pepperdine","WCC",5.29191865227717,7.15296553359904,-1.86104688122838,108,39,208
"Tulsa","AAC",5.21639327221013,-1.54449667620372,6.76088994837394,109,199,47
"UC Riverside","Big West",5.14809624099727,-0.372812870972243,5.52090911209631,110,174,68
"UC Irvine","Big West",4.98798286910956,-2.1623314497852,7.15031431902154,111,222,39
"Missouri St.","MVC",4.95989977644833,2.77230357927742,2.18759619713098,112,117,135
"Grand Canyon","WAC",4.43056484170578,-2.0720835265711,6.50264836830375,113,219,50
"Duquesne","A-10",4.34572079232776,0.409689870092759,3.93603092222844,114,158,102
"George Mason","A-10",4.18499945684197,1.36923877773134,2.81576067923738,115,139,121
"DePaul","Big East",4.1004510495242,-0.0263528695863045,4.12680391923728,116,167,93
"Cincinnati","AAC",4.02053818668475,2.50521426120324,1.51532392560828,117,123,149
"South Carolina","SEC",3.87740626543909,7.21856978642943,-3.34116352096359,118,37,249
"California","Pac 12",3.84062978428104,-2.21031949937183,6.05094928377962,119,225,58
"Navy","Patriot",3.68837542268603,0.512446772212316,3.17592865043384,120,156,115
"Yale","Ivy",3.56239553303027,3.32297200050571,0.239423530651363,121,108,168
"Loyola Maryland","Patriot",3.56227531070654,0.0397615240208538,3.52251378674587,122,166,111
"Akron","MAC",3.55756252624673,3.43319723480102,0.124365291405742,123,107,171
"ETSU","Southern",3.51719891168251,-1.69063758634132,5.20783649795063,124,204,74
"Miami (FL)","ACC",3.48110333923384,0.187472029930014,3.29363130936392,125,164,114
"Temple","AAC",3.47341036169024,-0.309488787160099,3.7828991488771,126,172,105
"South Dakota St.","Summit",3.45725024756337,7.85644527356736,-4.39919502614387,127,34,271
"Abilene Christian","Southland",3.4150867590411,0.821057181086493,2.59402957808141,128,148,124
"Mercer","Southern",3.18601726942813,2.79368395673264,0.392333312755629,129,116,165
"Wofford","Southern",3.180565952456,0.310249195597885,2.87031675671822,130,160,118
"James Madison","CAA",3.07221992736318,5.5891972759115,-2.51697734842159,131,67,228
"Weber St.","Big Sky",3.03833365884927,5.80359291020388,-2.76525925142782,132,59,234
"Kent St.","MAC",2.70105368306086,2.84605835024803,-0.145004667193726,133,114,178
"Drexel","CAA",2.57508026351296,-0.753929972651671,3.32901023629139,134,181,113
"Pacific","WCC",2.55273190992917,-0.950710885078237,3.50344279503423,135,187,112
"TCU","Big 12",2.52562844229748,-0.0660194087539026,2.5916478511115,136,169,125
"Army West Point","Patriot",2.47240903597048,0.22476835959263,2.2476406761713,137,163,133
"Morehead St.","OVC",2.35953141612169,-4.49583745997698,6.85536887622539,138,277,42
"Indiana St.","MVC",2.35554422045893,-2.03382278790603,4.3893670080917,139,217,87
"Bowling Green","MAC",2.34727016899514,4.54232880862054,-2.19505863959861,140,85,215
"Vermont","Am. East",2.25987954472571,1.34615163106376,0.913727913055419,141,141,158
"Georgia St.","Sunbelt",2.03998787449664,5.11548464583741,-3.07549677168063,142,75,244
"Northeastern","CAA",1.67248677092467,-3.55106447428702,5.22355124533847,143,250,73
"Texas A&M","SEC",1.42076098797399,-4.6674729315719,6.08823391967269,144,281,57
"UTEP","C-USA",1.36811329667523,-0.622085395468721,1.99019869227074,145,179,139
"VMI","Southern",1.36020132092766,5.62338896326319,-4.26318764230876,146,65,269
"North Dakota St.","Summit",1.26462529030359,-2.81027621378417,4.07490150421449,147,240,98
"Wake Forest","ACC",1.24007892456638,-0.856945498955666,2.0970244235155,148,184,137
"Southern Utah","Big Sky",1.13623846740086,5.06277276997931,-3.92653430261832,149,76,262
"Bradley","MVC",1.09326765948428,-1.19911740447474,2.29238506398577,150,193,131
"Old Dominion","C-USA",1.08389889064128,-1.87310662923518,2.95700552000324,151,214,117
"Kansas St.","Big 12",1.07471506662141,-5.12493540663474,6.19965047334957,152,284,56
"Fla. Atlantic","C-USA",0.993465815567989,0.78034936303052,0.213116452564286,153,150,169
"Santa Clara","WCC",0.979449934588624,0.863625089555033,0.115824845160388,154,147,172
"Oral Roberts","Summit",0.94050620717627,6.6199662912216,-5.67946008405182,155,48,298
"Boston College","ACC",0.893016064406769,4.45927162371846,-3.56625555921828,156,87,254
"Chattanooga","Southern",0.874996548319539,-0.846075142949318,1.72107169129565,157,183,144
"New Mexico St.","WAC",0.737912317616212,-2.82945318980083,3.56736550734385,158,241,109
"Washington","Pac 12",0.715024211988835,2.67838203208944,-1.96335782000715,159,119,211
"South Fla.","AAC",0.676815179260942,-1.23388848152692,1.91070366091465,160,194,141
"UNI","MVC",0.433286833641668,1.27366562093839,-0.840378787303314,161,142,187
"UNLV","MWC",0.394608055789064,-1.82274803962478,2.21735609554062,162,213,134
"Boston U.","Patriot",0.393667718436591,-1.71499027978972,2.10865799808648,163,205,136
"Ball St.","MAC",0.368471097785699,2.58247532237573,-2.21400422446321,164,122,216
"UTSA","C-USA",0.339861944859271,5.73741813585506,-5.39755619106901,165,61,291
"Wyoming","MWC",0.223556993868819,5.62150484057494,-5.39794784661268,166,66,292
"SFA","Southland",0.186662792964624,3.21516802307892,-3.02850522998754,167,109,242
"Miami (OH)","MAC",0.0404293953235584,-0.468034461735321,0.508463857118961,168,176,164
"Iowa St.","Big 12",-0.0219734500843121,0.105383071082414,-0.127356521139873,169,165,177
"East Carolina","AAC",-0.141247086442014,-1.66720532321756,1.52595823676898,170,203,148
"UMBC","Am. East",-0.160734913865005,-3.11994846944673,2.95921355554184,171,246,116
"CSU Bakersfield","WAC",-0.161688166763582,-4.36207289246838,4.20038472569823,172,274,90
"Iona","MAAC",-0.36062298847307,-1.29249984433048,0.931876855817522,173,197,157
"Murray St.","OVC",-0.414447208935991,-1.72067751516173,1.30623030635246,174,206,153
"South Dakota","Summit",-0.559697447542732,2.97604255882803,-3.53574000624403,175,113,253
"Hofstra","CAA",-0.606531413939123,2.65880360018051,-3.2653350141262,176,120,248
"Bryant","NEC",-0.695138603611978,4.41588627794861,-5.11102488163374,177,88,285
"Detroit Mercy","Horizon",-0.742332707784122,1.75136843078343,-2.49370113850743,178,130,226
"Texas St.","Sunbelt",-1.01776807929167,-7.30046661108222,6.282698531784,179,316,54
"La Salle","A-10",-1.08028180616291,0.593433988580014,-1.67371579531616,180,155,201
"Eastern Ky.","OVC",-1.13616373638254,6.33286180464859,-7.46902554110439,181,53,318
"Gardner-Webb","Big South",-1.17526971518061,-1.24801998629267,0.0727502711721737,182,196,174
"Rice","C-USA",-1.19593152500734,2.2174418700886,-3.41337339503583,183,127,251
"Bellarmine","A-Sun",-1.39242106504357,-0.836003687396168,-0.556417377653988,184,182,182
"Jacksonville St.","OVC",-1.54278196339247,-1.08228282573368,-0.460499137632018,185,192,180
"Fresno St.","MWC",-1.66188569997438,-4.49856796443939,2.83668226449177,186,278,119
"Cleveland St.","Horizon",-1.86666374569455,-3.82203300175909,1.95536925619129,187,259,140
"Hartford","Am. East",-1.92722720196657,-4.34558598873907,2.41835878683269,188,273,129
"American","Patriot",-1.94918209856344,-0.671481524313911,-1.27770057432271,189,180,195
"Southern Ill.","MVC",-2.00155472623248,-4.29281432137712,2.2912595952714,190,272,132
"Siena","MAAC",-2.03091307365289,-3.93299101171281,1.90207793818668,191,261,142
"Elon","CAA",-2.07005990190322,-6.26324870262214,4.19318880081229,192,308,91
"Saint Joseph's","A-10",-2.11907594008469,5.20750982534431,-7.32658576530219,193,73,316
"Valparaiso","MVC",-2.30805405721346,-4.84107517730585,2.53302112011914,194,283,128
"Montana","Big Sky",-2.62522301313618,-4.0555094126996,1.43028639959023,195,266,151
"Coastal Carolina","Sunbelt",-2.710152143056,0.728567696445674,-3.4387198397082,196,151,252
"Norfolk St.","MEAC",-2.89040798120587,-2.20020329712762,-0.690204684018085,197,224,185
"Lafayette","Patriot",-2.89144806980777,3.12959845532823,-6.02104652500921,198,112,301
"Louisiana","Sunbelt",-3.13195242916635,1.4960148291674,-4.62796725834027,199,135,274
"Delaware","CAA",-3.3134266403093,-5.36186998848303,2.0484433481672,200,293,138
"Nicholls St.","Southland",-3.32130095191118,1.0835960151561,-4.40489696720719,201,145,272
"Charlotte","C-USA",-3.33490507851933,-7.48669313113645,4.15178805254385,202,319,92
"Princeton","Ivy",-3.41388154296973,-0.963159348494292,-2.45072219534864,203,189,224
"Evansville","MVC",-3.43129816842854,-3.74298668965815,0.311688521156341,204,256,166
"Utah Valley","WAC",-3.50739853608837,0.48154683286708,-3.98894536882865,205,157,266
"Col. of Charleston","CAA",-3.52342945747358,-2.74051245590567,-0.782917001574493,206,239,186
"Harvard","Ivy",-3.67333590996973,-0.937603295494291,-2.73573261534864,207,186,232
"Campbell","Big South",-3.80654655448838,-4.06781347157586,0.261266917180951,208,267,167
"Northern Ky.","Horizon",-3.8109679579575,-3.21809805032397,-0.592869907506759,209,247,183
"Mount St. Mary's","NEC",-4.02415770875336,-9.78009316887268,5.75593546001276,210,343,63
"Southern Miss.","C-USA",-4.03493184852251,-5.67410669648409,1.63917484802171,211,297,146
"Hawaii","Big West",-4.0472185060654,-2.72153545999334,-1.32568304594526,212,238,196
"Austin Peay","OVC",-4.06648078860185,-0.957453822705606,-3.10902696586948,213,188,245
"Monmouth","MAAC",-4.10112005918598,3.6487372976284,-7.74985735685432,214,99,322
"Bucknell","Patriot",-4.1431115161197,0.613207297143941,-4.75631881347015,215,154,278
"George Washington","A-10",-4.18445618238942,-0.989490548043693,-3.19496563441895,216,190,247
"Little Rock","Sunbelt",-4.21162565086284,-3.04233050437415,-1.16929514652854,217,244,192
"Montana St.","Big Sky",-4.21570080619548,-2.03342373104932,-2.18227707511933,218,216,214
"Seattle U","WAC",-4.23143324828199,-2.17871085717368,-2.05272239104815,219,223,212
"Radford","Big South",-4.27825676783043,-5.92186244655948,1.64360567868919,220,301,145
"Morgan St.","MEAC",-4.29226477845179,1.35454306212143,-5.64680784057973,221,140,297
"UC Davis","Big West",-4.32609970606247,-2.36571855591323,-1.9603811500558,222,230,210
"Saint Peter's","MAAC",-4.32734368694545,-9.50417756144132,5.17683387445592,223,339,76
"California Baptist","WAC",-4.38518825922877,3.44206541903755,-7.82725367813954,224,106,323
"UNC Asheville","Big South",-4.38550567448082,0.280998650382836,-4.66650432483687,225,161,275
"Northern Colo.","Big Sky",-4.38686207636282,-2.98522394835411,-1.40163812801523,226,243,197
"San Diego","WCC",-4.40872614453276,-2.714290992985,-1.69443515162098,227,237,202
"Stony Brook","Am. East",-4.58142177413167,-5.98953838994225,1.40811661573734,228,303,152
"South Alabama","Sunbelt",-4.59326309781529,-1.62748579713504,-2.96577730082014,229,202,240
"Western Caro.","Southern",-4.65272877509628,1.90346365166324,-6.55619242666607,230,128,309
"Illinois St.","MVC",-4.775031383176,-2.21826853363846,-2.55676284961085,231,226,229
"Milwaukee","Horizon",-4.95705903406659,1.49047412786306,-6.44753316186956,232,136,306
"Arkansas St.","Sunbelt",-5.03134343066639,-2.64120845234736,-2.39013497819223,233,236,220
"Portland St.","Big Sky",-5.06388167933795,-6.03235697005192,0.968475290840727,234,306,156
"Oakland","Horizon",-5.11919525881523,3.5514566394916,-8.67065189818005,235,102,332
"UT Arlington","Sunbelt",-5.17277346847426,-2.00165463465425,-3.17111883385985,236,215,246
"Kansas City","WAC",-5.18466111894316,-10.2145137691324,5.02985265031594,237,348,80
"Longwood","Big South",-5.36238399822679,-6.9368282734842,1.57444427531748,238,311,147
"Texas Southern","SWAC",-5.47980693114556,-0.258156574797008,-5.22165035622175,239,171,287
"UNCW","CAA",-5.50143485424249,0.656117168045473,-6.15755202226119,240,152,303
"Holy Cross","Patriot",-5.5940242928149,-0.889730274472242,-4.70429401888254,241,185,277
"Cal St. Fullerton","Big West",-5.64221763744827,3.89549356800227,-9.5377112053571,242,95,343
"Sacramento St.","Big Sky",-5.67895638528866,-2.33043197486952,-3.34852441032565,243,228,250
"The Citadel","Southern",-5.78052569112543,4.6616934464989,-10.4422191380975,244,84,348
"Albany (NY)","Am. East",-5.78623468035481,-4.01456818107724,-1.7716664994841,245,265,204
"Niagara","MAAC",-5.84103268736483,-6.02683422945002,0.185801542078619,246,304,170
"Appalachian St.","Sunbelt",-6.00777608896973,-4.11815254349429,-1.88962354634864,247,269,209
"Wagner","NEC",-6.08488009083213,-3.30660169254546,-2.77827839852655,248,248,236
"Lipscomb","A-Sun",-6.10998093709421,-3.60818334841635,-2.50179758855108,249,252,227
"Penn","Ivy",-6.30969532496973,-2.40657871849429,-3.90311660734864,250,231,261
"Stetson","A-Sun",-6.32756911467911,-2.25721055432086,-4.07035856039813,251,227,267
"Prairie View","SWAC",-6.33917114217182,-5.68383621545149,-0.655334926593567,252,298,184
"Idaho St.","Big Sky",-6.38349515900604,-9.16813735498495,2.78464219597236,253,335,122
"Fairleigh Dickinson","NEC",-6.41486435929276,2.33765693014698,-8.752521289513,254,126,334
"Long Beach St.","Big West",-6.42310046712782,2.79823113583436,-9.2213316028354,255,115,340
"Canisius","MAAC",-6.6130314011943,-1.24086031476579,-5.37217108660173,256,195,290
"Merrimack","NEC",-6.61949215682853,-9.19749854428557,2.57800638731714,257,337,126
"Tarleton St.","WAC",-6.64983356565922,-7.45889262074756,0.809059055015125,258,318,159
"Sacred Heart","NEC",-6.67899991365275,-1.80126906413891,-4.87773084955373,259,210,281
"LIU","NEC",-6.69035860571627,-1.04644735949863,-5.64391124609088,260,191,296
"Youngstown St.","Horizon",-6.79844390958876,-1.81975568962168,-4.97868821984029,261,212,283
"Saint Francis (PA)","NEC",-7.06600821914084,-3.43330158486034,-3.63270663432036,262,249,256
"New Orleans","Southland",-7.11603612133298,1.44059156701225,-8.55662768835175,263,138,330
"Green Bay","Horizon",-7.24551449574243,-1.5506958372298,-5.69481865851918,264,200,299
"Quinnipiac","MAAC",-7.24966199303612,-4.188477758974,-3.06118423403536,265,270,243
"Towson","CAA",-7.49625034796868,-3.78106861842169,-3.71518172942022,266,258,258
"Marist","MAAC",-7.54147782741011,-9.02735681996509,1.48587899234842,267,332,150
"William & Mary","CAA",-7.67860064750002,-5.23361580804496,-2.44498483932831,268,287,223
"Southeast Mo. St.","OVC",-7.7697635957295,-4.08203537284185,-3.68772822276089,269,268,257
"Ga. Southern","Sunbelt",-7.86118248191651,-6.11025758361912,-1.75092489850391,270,307,203
"Tulane","AAC",-7.97138238896973,-3.75739736249429,-4.21398502834864,271,257,268
"CSUN","Big West",-8.01510462516449,0.369104369960805,-8.38420899499851,272,159,328
"New Hampshire","Am. East",-8.08886045218042,-5.34941146538217,-2.7394489871048,273,291,233
"Samford","Southern",-8.10778396057947,-0.0364967434069801,-8.07128721784571,274,168,326
"New Mexico","MWC",-8.22862843987321,-5.92871905110052,-2.29990938904592,275,302,218
"NJIT","Am. East",-8.26033998593246,-4.49234544153593,-3.76799454446977,276,276,259
"Fairfield","MAAC",-8.26534687822497,-8.84660900200864,0.581262123910448,277,331,163
"ULM","Sunbelt",-8.43613723679161,-7.54081191101245,-0.895325325785695,278,322,189
"Binghamton","Am. East",-8.44396744965018,-5.43222141808064,-3.0117460314428,279,294,241
"Coppin St.","MEAC",-8.48838319732972,-0.614438644773021,-7.87394455242984,280,178,324
"Jackson St.","SWAC",-8.57884599225806,-9.77566531326078,1.19681932106282,281,342,154
"St. Francis Brooklyn","NEC",-8.58201844888747,1.50101591282893,-10.0830343618896,282,134,345
"North Ala.","A-Sun",-8.66540892861068,-3.57310289410816,-5.0923060345424,283,251,284
"North Dakota","Summit",-8.74847351133984,-3.98057736899141,-4.76789614235502,284,263,279
"Purdue Fort Wayne","Summit",-8.82429199585057,0.258434235929075,-9.08272623175285,285,162,339
"Middle Tenn.","C-USA",-8.93826998137359,-6.69078471205137,-2.24748526929545,286,310,217
"North Florida","A-Sun",-8.96674487306088,-2.83621662281817,-6.1305282503159,287,242,302
"Western Mich.","MAC",-9.06983812759003,-8.7296886115236,-0.340149516073003,288,329,179
"FGCU","A-Sun",-9.12388963301966,-5.526938321703,-3.59695131142321,289,296,255
"IUPUI","Horizon",-9.2816750310596,-2.36250892574259,-6.9191661053569,290,229,312
"FIU","C-USA",-9.3053190324667,-1.80090871102786,-7.50441032164538,291,209,319
"Lehigh","Patriot",-9.39322633005773,-5.45387692704397,-3.9393494032536,292,295,263
"Rider","MAAC",-9.56014925815226,-3.05892934228258,-6.50121991584292,293,245,307
"UC San Diego","Big West",-9.57220475888387,-2.5393597219479,-7.03284503620918,294,234,313
"UTRGV","WAC",-9.57692801766127,-7.2009492793633,-2.37597873837118,295,313,219
"Central Mich.","MAC",-9.61385226256369,0.632637820766099,-10.2464900834029,296,153,346
"Cornell","Ivy",-9.62292500796973,-4.19138542149429,-5.43153958834864,297,271,293
"High Point","Big South",-9.64542044764634,-7.23799605346767,-2.4074243942519,298,314,221
"Northwestern St.","Southland",-9.68364855687072,-1.55815086407415,-8.12549769273643,299,201,327
"Fordham","A-10",-9.71328570917489,-15.6948305090779,5.98154479986312,300,357,59
"Robert Morris","NEC",-9.72764875551055,-2.60981558118159,-7.11783317426888,301,235,315
"Manhattan","MAAC",-9.73998446807224,-8.27531869760233,-1.46466577057644,302,327,199
"UIC","Horizon",-9.80329706340738,-7.38879461466604,-2.41450244874791,303,317,222
"Lamar University","Southland",-9.92681368664956,-7.2838731166906,-2.6429405699655,304,315,230
"Troy","Sunbelt",-10.0561853678396,-7.57228426739336,-2.48390110048611,305,323,225
"Northern Ariz.","Big Sky",-10.2003970684403,-7.53041709904066,-2.66997996930617,306,320,231
"Jacksonville","A-Sun",-10.3045263553231,-7.53772164528755,-2.76680471017548,307,321,235
"Brown","Ivy",-10.3754067479697,-6.41714099849429,-3.95826575034864,308,309,265
"Eastern Ill.","OVC",-10.4782580326728,-4.57568131973897,-5.90257671294042,309,280,300
"Omaha","Summit",-10.5071161721977,-3.64252727889946,-6.8645888932714,310,254,310
"Florida A&M","MEAC",-10.5130624769242,-9.50640883697422,-1.00665363998979,311,340,191
"Central Ark.","Southland",-10.6798256720309,-1.81139463497946,-8.86843103692469,312,211,337
"USC Upstate","Big South",-10.7062072810722,-5.3373406751752,-5.36886660587023,313,290,289
"Hampton","Big South",-10.7824629560941,-3.90238205063869,-6.88008090532863,314,260,311
"Southern U.","SWAC",-10.8853031728474,-5.69399251389451,-5.19131065895943,315,299,286
"Eastern Mich.","MAC",-10.9192004743481,-5.30382972336288,-5.61537075095848,316,289,295
"Sam Houston St.","Southland",-11.1737464652891,-3.71822025057658,-7.45552621605244,317,255,317
"N.C. A&T","MEAC",-11.2907979821384,-3.63041757538006,-7.66038040689817,318,253,320
"Air Force","MWC",-11.3123186710007,-10.1330748718095,-1.17924379906448,319,347,194
"Western Ill.","Summit",-11.326724603105,-2.08663029780538,-9.24009430517289,320,221,341
"Columbia","Ivy",-11.4515878779697,-4.40253286649429,-7.04905501234864,321,275,314
"Presbyterian","Big South",-11.5039221876435,-10.0599862824918,-1.44393590475823,322,346,198
"Tennessee St.","OVC",-11.5890545062409,-6.03217285578441,-5.55688165049641,323,305,294
"Tennessee Tech","OVC",-11.6106691598924,-5.19769071486187,-6.41297844490381,324,286,305
"UMass Lowell","Am. East",-11.8211897689697,-1.42694683149429,-10.3942429383486,325,198,347
"Cal Poly","Big West",-11.9411484528444,-11.0698233703485,-0.871325082368969,326,350,188
"Dartmouth","Ivy",-12.1171962759697,-9.19121825549429,-2.92597802134864,327,336,239
"Portland","WCC",-12.7428492238073,-1.73393514565576,-11.0089140780914,328,207,350
"Central Conn. St.","NEC",-12.8056076398296,-5.13249025729674,-7.67311738180607,329,285,321
"SIUE","OVC",-12.887600726246,-8.21029720251082,-4.6773035237085,330,326,276
"Grambling","SWAC",-12.9514189880185,-7.68833673658874,-5.26308225143626,331,324,288
"Charleston So.","Big South",-13.1887153542484,-7.02100022817886,-6.16771512617609,332,312,304
"Southeastern La.","Southland",-13.2417974093626,-5.35405143916177,-7.88774597017398,333,292,325
"McNeese","Southland",-13.2561417226592,-4.80367177879369,-8.45246994403865,334,282,329
"UIW","Southland",-13.7577371592913,-9.9817616097432,-3.77597554902131,335,344,260
"A&M-Corpus Christi","Southland",-13.7761134799697,-8.79798412649429,-4.97812935334864,336,330,282
"Kennesaw St.","A-Sun",-13.7983287723426,-9.29840578362227,-4.49992299019356,337,338,273
"Dixie St.","WAC",-13.8748786558979,-5.27405858822013,-8.60082006755106,338,288,331
"N.C. Central","MEAC",-13.8760952963762,-9.08721817897118,-4.78887711757821,339,333,280
"Northern Ill.","MAC",-13.981657933632,-9.6845709462903,-4.29708698734818,340,341,270
"San Jose St.","MWC",-14.0363493180508,-2.53755871507697,-11.4987906029804,341,233,352
"Bethune-Cookman","MEAC",-14.1567259749697,-4.53607790049429,-9.62064807534864,342,279,344
"Maine","Am. East",-14.4178042109899,-13.246100109981,-1.17170410088214,343,353,193
"Denver","Summit",-14.7432668310555,-3.98792374054176,-10.755343090587,344,264,349
"Houston Baptist","Southland",-14.80643077298,-2.05044196497871,-12.7559888090745,345,218,353
"Howard","MEAC",-15.5831473265351,-2.44511648495368,-13.1380308422213,346,232,354
"Idaho","Big Sky",-16.500905891037,-9.98372131700312,-6.51718457424041,347,345,308
"Alcorn","SWAC",-16.8799321704571,-8.12888622601911,-8.75104594431122,348,325,333
"UT Martin","OVC",-17.0905681693181,-8.30570054200537,-8.784867626686,349,328,335
"Alabama A&M","SWAC",-17.7029713326127,-13.7450852821397,-3.95788605167954,350,355,264
"Delaware St.","MEAC",-19.8176756687771,-3.97144674713257,-15.8462289207177,351,262,356
"Ark.-Pine Bluff","SWAC",-20.0245844626588,-10.7115230238126,-9.31306143865261,352,349,342
"Alabama St.","SWAC",-20.5208075894941,-11.7348120267874,-8.78599556147987,353,352,336
"South Carolina St.","MEAC",-20.612865096522,-9.12557412691733,-11.4872909694779,354,334,351
"UMES","MEAC",-22.3130097859697,-13.3452784634943,-8.96773131734864,355,354,338
"Chicago St.","WAC",-26.2897229588867,-11.4780185908397,-14.8117043698203,356,351,355
"Mississippi Val.","SWAC",-34.6618750590795,-15.4290204781892,-19.2328545807969,357,356,357
