"team","conference","yusag_coeff","off_coeff","def_coeff","rank","off_rank","def_rank","info","conference_rank","record","conf_record"
"Richmond","A-10",12.5381136265985,8.55623082268382,3.98188280354534,41,22,89,"(Conference Rank:  8)",1,"22 - 7","14 - 4"
"Davidson","A-10",10.4848565845111,5.05961866920846,5.42523791633326,54,66,57,"(Conference Rank:  8)",2,"17 - 8","13 - 5"
"VCU","A-10",10.4306420700955,4.76154965416941,5.6690924161567,55,73,52,"(Conference Rank:  8)",3,"19 - 11","11 - 6"
"Rhode Island","A-10",10.1880562153491,5.64727317406904,4.54078304147733,58,57,74,"(Conference Rank:  8)",4,"17 - 12","11 - 7"
"St. Bonaventure","A-10",9.41812286931821,1.89547395792143,7.52264891146074,63,123,30,"(Conference Rank:  8)",5,"19 - 5","12 - 5"
"Dayton","A-10",8.61879364010444,3.50100504015695,5.11778859837811,69,98,63,"(Conference Rank:  8)",6,"16 - 9","10 - 7"
"Saint Louis","A-10",8.55941363906798,3.95965806641108,4.59975557182084,70,90,71,"(Conference Rank:  8)",7,"18 - 7","10 - 6"
"Massachusetts","A-10",5.47561767106542,8.11688544069715,-2.64126777013446,96,23,251,"(Conference Rank:  8)",8,"14 - 10","10 - 7"
"Duquesne","A-10",3.99814949068836,-0.563933447207299,4.56208293792627,116,174,73,"(Conference Rank:  8)",9,"11 - 12","8 - 10"
"George Mason","A-10",1.52236075176399,-1.22875307531818,2.75111382764613,140,193,109,"(Conference Rank:  8)",10,"14 - 15","8 - 10"
"La Salle","A-10",-0.864545869062317,-2.14748517247756,1.28293929487918,164,223,138,"(Conference Rank:  8)",11,"10 - 17","6 - 12"
"Saint Joseph's","A-10",-3.0657779883176,4.81051267397222,-7.87629066272585,195,70,338,"(Conference Rank:  8)",12,"5 - 21","3 - 14"
"George Washington","A-10",-3.95055472618275,0.476284688372193,-4.42683941492432,221,143,287,"(Conference Rank:  8)",13,"6 - 20","5 - 12"
"Fordham","A-10",-8.27879470107784,-12.5784107659421,4.29961606486154,294,355,80,"(Conference Rank:  8)",14,"6 - 18","2 - 16"
"Liberty","A-Sun",4.83593850731565,-1.55460964115223,6.39054814903183,106,202,42,"(Conference Rank:  28)",1,"18 - 7","13 - 3"
"Bellarmine","A-Sun",-3.20298263305404,-1.96676761605916,-1.2362150169976,201,215,208,"(Conference Rank:  28)",2,"12 - 13","9 - 7"
"Lipscomb","A-Sun",-3.51947445717228,-1.29477517217943,-2.22469928442891,210,194,239,"(Conference Rank:  28)",3,"12 - 11","10 - 6"
"Stetson","A-Sun",-5.38416394340959,-4.78449126454385,-0.599672678935095,245,298,187,"(Conference Rank:  28)",4,"10 - 11","9 - 7"
"North Florida","A-Sun",-6.10581547228571,-1.04725893620902,-5.05855653601276,267,188,300,"(Conference Rank:  28)",5,"9 - 16","8 - 8"
"North Ala.","A-Sun",-7.25168984280925,-3.46358723936064,-3.78810260355134,283,261,277,"(Conference Rank:  28)",6,"9 - 11","7 - 9"
"FGCU","A-Sun",-7.27819899195987,-6.22513447546847,-1.05306451649411,284,321,204,"(Conference Rank:  28)",7,"10 - 13","7 - 9"
"Jacksonville","A-Sun",-8.58959010535069,-6.47041267205696,-2.11917743332979,299,324,236,"(Conference Rank:  28)",8,"11 - 13","7 - 9"
"Kennesaw St.","A-Sun",-12.9575290091964,-9.66283652664579,-3.29469248578665,345,348,266,"(Conference Rank:  28)",9,"2 - 19","2 - 14"
"Houston","AAC",19.1438770975672,6.61450378463636,12.5293733125615,6,40,3,"(Conference Rank:  7)",1,"23 - 4","16 - 2"
"Wichita St.","AAC",11.2932901490785,6.0408607133412,5.25242943630129,47,48,59,"(Conference Rank:  7)",2,"15 - 9","13 - 5"
"Cincinnati","AAC",8.25620757108568,4.36341347427694,3.89279409870602,75,80,90,"(Conference Rank:  7)",3,"10 - 16","8 - 10"
"Memphis","AAC",8.2259567133392,2.11475513765346,6.11120157358301,76,117,46,"(Conference Rank:  7)",4,"14 - 15","9 - 10"
"SMU","AAC",8.14704733458915,5.10439068956252,3.04265664492391,77,64,103,"(Conference Rank:  7)",5,"15 - 11","10 - 9"
"Tulsa","AAC",7.32910947154532,-1.06810975506231,8.39721922667156,82,189,21,"(Conference Rank:  7)",6,"14 - 12","11 - 7"
"UCF","AAC",5.76741237279153,0.817094513511083,4.95031785921108,94,137,64,"(Conference Rank:  7)",7,"9 - 15","7 - 11"
"South Fla.","AAC",4.99761989522847,-0.784440038838173,5.78205993409725,102,180,50,"(Conference Rank:  7)",8,"12 - 15","8 - 10"
"Temple","AAC",3.01834651113912,-0.42465432747432,3.44300083854407,127,171,99,"(Conference Rank:  7)",9,"9 - 17","5 - 13"
"East Carolina","AAC",1.34875157067832,0.377064761020613,0.971686809554996,144,146,146,"(Conference Rank:  7)",10,"9 - 16","4 - 14"
"Tulane","AAC",-4.94299886815075,-3.21855943205925,-1.72443943752754,236,255,226,"(Conference Rank:  7)",11,"0 - -Inf","0 - 0"
"Virginia","ACC",15.6913738945748,0.648201854853147,15.0431720374856,21,140,1,"(Conference Rank:  3)",1,"20 - 9","15 - 5"
"Florida St.","ACC",14.8550121115786,9.72191631256275,5.13309580071317,24,13,62,"(Conference Rank:  3)",2,"18 - 7","14 - 6"
"Syracuse","ACC",14.5138283613857,10.1331721523573,4.3806562075924,25,9,77,"(Conference Rank:  3)",3,"20 - 10","13 - 9"
"Duke","ACC",14.2202005243332,10.0898052505953,4.13039527216848,29,10,85,"(Conference Rank:  3)",4,"18 - 9","13 - 7"
"North Carolina","ACC",13.5982938123589,7.81561095295276,5.78268285877008,32,27,49,"(Conference Rank:  3)",5,"19 - 12","13 - 9"
"Virginia Tech","ACC",12.99028068681,5.67163432647532,7.31864636189862,35,56,34,"(Conference Rank:  3)",6,"20 - 8","13 - 7"
"Georgia Tech","ACC",11.968427644076,7.14192840508754,4.82649923955241,44,33,65,"(Conference Rank:  3)",7,"16 - 11","11 - 9"
"Pittsburgh","ACC",11.5308889522787,4.67027223556299,6.86061671514629,45,74,38,"(Conference Rank:  3)",8,"16 - 10","12 - 9"
"Clemson","ACC",11.21186737849,1.68623381446671,9.52563356558725,48,126,12,"(Conference Rank:  3)",9,"17 - 10","10 - 10"
"Louisville","ACC",10.8086974441634,3.85506135037398,6.95363609385333,52,92,37,"(Conference Rank:  3)",10,"16 - 11","10 - 10"
"Notre Dame","ACC",8.11054859997361,5.9123900398087,2.19815855992885,78,52,121,"(Conference Rank:  3)",11,"13 - 18","7 - 14"
"NC State","ACC",7.41100193944569,4.96608866194088,2.44491327756873,81,68,115,"(Conference Rank:  3)",12,"13 - 16","7 - 13"
"Miami (FL)","ACC",6.76772769839312,3.48294392220828,3.28478377618213,85,100,102,"(Conference Rank:  3)",13,"10 - 15","6 - 14"
"Wake Forest","ACC",4.93747069625107,3.2645892602345,1.67288143601385,104,105,130,"(Conference Rank:  3)",14,"9 - 16","4 - 16"
"Boston College","ACC",3.3455782629882,3.42697428066421,-0.081396017612049,121,103,169,"(Conference Rank:  3)",15,"7 - 21","4 - 16"
"Vermont","Am. East",5.27522134981641,1.4516264383181,3.82359491086226,99,130,92,"(Conference Rank:  23)",1,"14 - 6","13 - 3"
"UMBC","Am. East",-2.02544021412576,-3.26121353119436,1.23577331713256,183,257,139,"(Conference Rank:  23)",2,"15 - 10","10 - 6"
"Hartford","Am. East",-3.55798882984644,-4.41600039332256,0.858011563240068,213,287,149,"(Conference Rank:  23)",3,"13 - 13","9 - 7"
"NJIT","Am. East",-4.73584615691466,-1.88942725207688,-2.84641890484048,231,214,256,"(Conference Rank:  23)",4,"9 - 12","8 - 8"
"New Hampshire","Am. East",-5.03646348890098,-4.0569829103088,-0.979480578594899,239,283,200,"(Conference Rank:  23)",5,"10 - 9","9 - 7"
"Stony Brook","Am. East",-5.3575678115413,-2.69756808668985,-2.65999972482083,244,236,253,"(Conference Rank:  23)",6,"10 - 16","7 - 9"
"Albany (NY)","Am. East",-5.46880629350592,-4.79490013798522,-0.673906155623395,248,299,192,"(Conference Rank:  23)",7,"10 - 12","8 - 8"
"UMass Lowell","Am. East",-8.79280624815075,-0.888108901059248,-7.90469734752754,305,184,339,"(Conference Rank:  23)",8,"0 - -Inf","0 - 0"
"Maine","Am. East",-10.3789046884093,-11.9014267998647,1.52252211201942,325,354,133,"(Conference Rank:  23)",9,"6 - 16","5 - 11"
"Binghamton","Am. East",-12.5770966877959,-5.87650231684885,-6.7005943725497,339,316,321,"(Conference Rank:  23)",10,"5 - 22","3 - 13"
"Iowa","Big 10",22.2826046553689,18.249717117292,4.03288754064093,3,2,88,"(Conference Rank:  1)",1,"21 - 6","15 - 5"
"Illinois","Big 10",20.981560499806,11.8288181877151,9.15274231438819,4,7,14,"(Conference Rank:  1)",2,"18 - 9","13 - 7"
"Michigan","Big 10",20.5387417669947,10.5955888435211,9.94315292303754,5,8,9,"(Conference Rank:  1)",3,"21 - 5","15 - 5"
"Ohio St.","Big 10",18.3830687364927,9.59887377291725,8.78419496293941,7,14,16,"(Conference Rank:  1)",4,"18 - 10","11 - 9"
"Wisconsin","Big 10",18.010145820135,5.18744343370721,12.8227023874584,9,63,2,"(Conference Rank:  1)",5,"20 - 8","13 - 7"
"Purdue","Big 10",16.4724354984425,5.61161294547027,10.8608225539695,16,58,6,"(Conference Rank:  1)",6,"18 - 9","13 - 7"
"Minnesota","Big 10",15.8465318012091,9.52539176719576,6.32114003307731,18,15,44,"(Conference Rank:  1)",7,"18 - 9","11 - 9"
"Indiana","Big 10",15.7442274842966,7.5766878036195,8.16753968337442,20,29,23,"(Conference Rank:  1)",8,"14 - 13","9 - 11"
"Rutgers","Big 10",14.4596693178588,6.02533751730132,8.43433180292141,27,50,19,"(Conference Rank:  1)",9,"13 - 11","9 - 11"
"Maryland","Big 10",12.9622888728502,6.4373030854676,6.52498578941324,36,43,40,"(Conference Rank:  1)",10,"17 - 13","9 - 11"
"Penn St.","Big 10",12.780104203766,8.7297535394192,4.05035066251074,38,19,86,"(Conference Rank:  1)",11,"11 - 14","7 - 13"
"Michigan St.","Big 10",12.3165383782531,7.02100932064233,5.29552905874142,42,35,58,"(Conference Rank:  1)",12,"12 - 14","6 - 13"
"Northwestern","Big 10",8.40444728657162,4.21224902760167,4.19219825896721,74,84,83,"(Conference Rank:  1)",13,"9 - 15","6 - 14"
"Nebraska","Big 10",2.46983149429187,3.77509427998436,-1.30526278512856,136,93,210,"(Conference Rank:  1)",14,"5 - 21","1 - 18"
"Baylor","Big 12",24.297867302637,12.6382021176962,11.6596651862382,2,5,5,"(Conference Rank:  2)",1,"27 - 3","16 - 2"
"Kansas","Big 12",17.9164073886592,7.91075105632164,10.0056563329015,11,25,8,"(Conference Rank:  2)",2,"18 - 8","12 - 6"
"Texas Tech","Big 12",15.746323655517,6.13839716612976,9.6079264890179,19,46,10,"(Conference Rank:  2)",3,"19 - 9","11 - 7"
"West Virginia","Big 12",15.6430635743459,7.77432312022958,7.86874045421362,22,28,26,"(Conference Rank:  2)",4,"21 - 9","10 - 8"
"Texas","Big 12",15.4178582148381,6.99112572021052,8.42673249369154,23,36,20,"(Conference Rank:  2)",5,"19 - 8","12 - 6"
"Oklahoma","Big 12",13.9008771686037,6.71173095171135,7.18914621745634,31,39,36,"(Conference Rank:  2)",6,"15 - 11","10 - 8"
"Oklahoma St.","Big 12",11.1014400330771,5.90248510151274,5.19895493392829,49,53,61,"(Conference Rank:  2)",7,"15 - 10","8 - 10"
"TCU","Big 12",5.54562733440614,0.791761747791405,4.75386558664535,95,138,66,"(Conference Rank:  2)",8,"12 - 15","5 - 13"
"Iowa St.","Big 12",4.87892626901299,3.16538193331169,1.7135443356319,105,107,127,"(Conference Rank:  2)",9,"7 - 18","3 - 15"
"Kansas St.","Big 12",4.16460444764297,-0.0901033566458214,4.2547078043861,114,159,81,"(Conference Rank:  2)",10,"8 - 19","3 - 15"
"Creighton","Big East",18.0614756121972,12.1840450314181,5.87743058034306,8,6,48,"(Conference Rank:  5)",1,"19 - 7","15 - 6"
"Villanova","Big East",16.6673325514174,8.87730214157546,7.79003040867256,14,18,27,"(Conference Rank:  5)",2,"23 - 7","17 - 5"
"UConn","Big East",13.9244077830509,5.09469790770249,8.82970987311237,30,65,15,"(Conference Rank:  5)",3,"20 - 10","15 - 9"
"Seton Hall","Big East",12.5901409320274,6.92339952676856,5.6667414054228,40,37,53,"(Conference Rank:  5)",4,"16 - 12","12 - 8"
"Xavier","Big East",11.0687702632641,5.4213834344648,5.64738682879661,50,60,54,"(Conference Rank:  5)",5,"17 - 9","10 - 9"
"Marquette","Big East",10.6009321839774,6.02512818634258,4.57580399919875,53,51,72,"(Conference Rank:  5)",6,"14 - 12","10 - 10"
"Providence","Big East",9.93957787854868,5.19309018990231,4.74648768871032,60,62,67,"(Conference Rank:  5)",7,"14 - 12","10 - 10"
"Butler","Big East",8.77517446581718,-0.766221058245445,9.54139552332657,68,179,11,"(Conference Rank:  5)",8,"14 - 14","10 - 12"
"St. John's (NY)","Big East",8.54525262116261,10.0009140205909,-1.45566139946437,71,11,216,"(Conference Rank:  5)",9,"15 - 16","8 - 13"
"Georgetown","Big East",4.94476997929053,3.21851477504798,1.72625520423983,103,106,126,"(Conference Rank:  5)",10,"7 - 20","5 - 17"
"DePaul","Big East",4.31237840869015,3.99422750743856,0.318150901415536,111,89,159,"(Conference Rank:  5)",11,"10 - 19","4 - 19"
"Eastern Wash.","Big Sky",3.06674039156069,3.47988822068697,-0.413147829062333,126,101,180,"(Conference Rank:  18)",1,"16 - 11","15 - 5"
"Northern Colo.","Big Sky",-1.4171574525732,-2.84332060084806,1.42616314820548,170,241,135,"(Conference Rank:  18)",2,"12 - 12","11 - 9"
"Southern Utah","Big Sky",-1.90723966228747,1.75561674701891,-3.66285640937576,179,125,272,"(Conference Rank:  18)",3,"15 - 8","13 - 7"
"Montana","Big Sky",-3.13512619495837,-5.78699906787674,2.65187287281565,197,315,113,"(Conference Rank:  18)",4,"10 - 14","9 - 11"
"Weber St.","Big Sky",-3.54358475540209,-0.447671599166084,-3.09591315687205,211,172,263,"(Conference Rank:  18)",5,"13 - 13","10 - 10"
"Sacramento St.","Big Sky",-3.87999468757754,-7.45827889350259,3.57828420585569,220,336,97,"(Conference Rank:  18)",6,"12 - 13","10 - 10"
"Montana St.","Big Sky",-4.10931881237517,-3.4921250260771,-0.617193786400786,224,262,188,"(Conference Rank:  18)",7,"13 - 11","12 - 8"
"Northern Ariz.","Big Sky",-5.40401271682508,-2.31035634067266,-3.09365637608843,246,229,262,"(Conference Rank:  18)",8,"9 - 18","8 - 12"
"Portland St.","Big Sky",-5.43914714987024,-1.70924954078198,-3.72989760852433,247,211,274,"(Conference Rank:  18)",9,"10 - 16","8 - 12"
"Idaho St.","Big Sky",-5.50997417137148,-3.9689395473384,-1.54103462403579,250,278,225,"(Conference Rank:  18)",10,"11 - 14","11 - 9"
"Idaho","Big Sky",-13.1746660802259,-7.3202708040094,-5.85439527815254,347,335,312,"(Conference Rank:  18)",11,"3 - 24","2 - 18"
"Winthrop","Big South",6.27571727150082,9.45179282468482,-3.17607555295339,90,16,264,"(Conference Rank:  29)",1,"23 - 3","19 - 1"
"Gardner-Webb","Big South",0.472412784894313,0.349409549149019,0.123003235942577,150,150,165,"(Conference Rank:  29)",2,"12 - 13","11 - 7"
"Radford","Big South",-1.93621264394585,-2.92651265441155,0.990300010596287,180,246,145,"(Conference Rank:  29)",3,"15 - 10","15 - 5"
"UNC Asheville","Big South",-3.13852543864019,2.34390381029029,-5.48242924876654,198,114,307,"(Conference Rank:  29)",4,"14 - 12","13 - 7"
"Campbell","Big South",-5.27640214012618,-3.21256902277966,-2.06383311714925,243,254,233,"(Conference Rank:  29)",5,"12 - 13","10 - 10"
"Longwood","Big South",-6.44220022981465,-7.315716369279,0.873516139628313,275,334,148,"(Conference Rank:  29)",6,"10 - 14","8 - 10"
"USC Upstate","Big South",-9.25869045284999,-3.94634483454383,-5.3123456182422,314,276,305,"(Conference Rank:  29)",7,"7 - 18","7 - 13"
"Hampton","Big South",-9.73900978473451,-2.38494815732604,-7.35406162917785,317,231,329,"(Conference Rank:  29)",8,"11 - 15","10 - 10"
"High Point","Big South",-10.1364813595651,-6.2423886843522,-3.89409267514898,320,322,279,"(Conference Rank:  29)",9,"8 - 17","6 - 14"
"Presbyterian","Big South",-11.7513965326139,-10.3435991523727,-1.40779737881063,333,350,213,"(Conference Rank:  29)",10,"7 - 18","6 - 14"
"Charleston So.","Big South",-12.0252020403817,-7.84165160223435,-4.18355043815005,334,337,284,"(Conference Rank:  29)",11,"4 - 21","4 - 16"
"UC Riverside","Big West",4.38174116130318,-3.19722944369541,7.57897060512919,109,253,29,"(Conference Rank:  25)",1,"21 - 8","14 - 4"
"UC Irvine","Big West",2.51167480884515,-0.169659273192856,2.68133408203529,135,161,112,"(Conference Rank:  25)",2,"19 - 8","16 - 4"
"UC Santa Barbara","Big West",-0.441889547226989,-2.08386335488009,1.64197380821706,161,220,132,"(Conference Rank:  25)",3,"16 - 8","11 - 7"
"Hawaii","Big West",-3.71727169365087,-1.36561570944485,-2.35165598364205,217,197,243,"(Conference Rank:  25)",4,"12 - 9","11 - 7"
"CSUN","Big West",-4.96139769594315,4.23164034393358,-9.19303803964614,237,83,345,"(Conference Rank:  25)",5,"16 - 17","11 - 9"
"UC Davis","Big West",-5.81327642920778,-1.58346232511698,-4.22981410442684,257,205,286,"(Conference Rank:  25)",6,"13 - 14","10 - 8"
"Cal St. Fullerton","Big West",-7.74281019842712,-4.72655069875393,-3.01625949957587,291,295,260,"(Conference Rank:  25)",7,"10 - 18","8 - 12"
"Long Beach St.","Big West",-9.16907098044057,1.82205796084423,-10.9911289412875,312,124,350,"(Conference Rank:  25)",8,"10 - 18","7 - 11"
"Cal Poly","Big West",-12.0558619367232,-6.91072307177401,-5.14513886498521,335,328,301,"(Conference Rank:  25)",9,"8 - 25","5 - 13"
"UC San Diego","Big West",-20.3943862914251,-13.0791404320368,-7.31524585662434,355,357,327,"(Conference Rank:  25)",10,"1 - 21","1 - 19"
"North Texas","C-USA",7.09824058885214,-1.57840029494418,8.67664088382694,84,204,17,"(Conference Rank:  14)",1,"16 - 10","13 - 5"
"Marshall","C-USA",6.51565814703963,6.75509396049383,-0.239435813323601,89,38,175,"(Conference Rank:  14)",2,"21 - 8","12 - 6"
"UAB","C-USA",5.93672351371819,0.401271838570853,5.53545167571127,92,145,56,"(Conference Rank:  14)",3,"19 - 7","13 - 5"
"Western Ky.","C-USA",5.87625946850758,4.76439822223464,1.11186124640355,93,72,142,"(Conference Rank:  14)",4,"22 - 7","13 - 5"
"Louisiana Tech","C-USA",4.18464866246224,-0.14657592376267,4.33122458578884,113,160,79,"(Conference Rank:  14)",5,"19 - 8","12 - 6"
"Charlotte","C-USA",3.01511337630859,-3.6268728219997,6.64198619780555,128,266,39,"(Conference Rank:  14)",6,"15 - 11","11 - 7"
"Old Dominion","C-USA",0.275835314786047,-3.15992376436481,3.43575907971479,152,252,100,"(Conference Rank:  14)",7,"13 - 12","9 - 9"
"UTEP","C-USA",-0.839189098683518,-1.64111473030986,0.801925632190295,163,207,153,"(Conference Rank:  14)",8,"9 - 13","8 - 10"
"Fla. Atlantic","C-USA",-2.01170526041969,-1.42457167844483,-0.587133581977596,182,199,186,"(Conference Rank:  14)",9,"9 - 16","8 - 10"
"Rice","C-USA",-2.56686258696053,0.324946683687049,-2.89180927061695,186,151,257,"(Conference Rank:  14)",10,"12 - 14","7 - 11"
"Southern Miss.","C-USA",-2.69037165635033,-3.77931409401978,1.08894243773339,187,272,143,"(Conference Rank:  14)",11,"11 - 16","8 - 10"
"UTSA","C-USA",-3.31723947799673,4.34786088044802,-7.66510035854747,206,81,334,"(Conference Rank:  14)",12,"6 - 14","5 - 11"
"FIU","C-USA",-4.75553972532792,1.90138572454451,-6.65692545044183,232,121,320,"(Conference Rank:  14)",13,"9 - 14","4 - 12"
"Middle Tenn.","C-USA",-7.78438194471681,-6.28355717075559,-1.50082477396394,292,323,221,"(Conference Rank:  14)",14,"5 - 20","3 - 15"
"Northeastern","CAA",0.682984902444625,-3.3584993054198,4.04148420802837,146,259,87,"(Conference Rank:  16)",1,"18 - 12","14 - 4"
"Hofstra","CAA",-1.28018922604097,-0.266785193733694,-1.01340403281,168,163,201,"(Conference Rank:  16)",2,"14 - 12","10 - 8"
"James Madison","CAA",-1.50464955364862,2.6401297908831,-4.14477934436775,171,113,282,"(Conference Rank:  16)",3,"14 - 17","11 - 9"
"Drexel","CAA",-1.53124022123044,-2.89784837538586,1.36660815421938,172,244,136,"(Conference Rank:  16)",4,"14 - 13","9 - 9"
"Towson","CAA",-2.23199879846094,-0.941023219482595,-1.2909755786144,185,187,209,"(Conference Rank:  16)",5,"15 - 22","10 - 10"
"Col. of Charleston","CAA",-3.60207933805348,-3.42268862639422,-0.179390711661973,214,260,172,"(Conference Rank:  16)",6,"10 - 15","9 - 9"
"UNCW","CAA",-4.04193249008171,-1.3213834909608,-2.72054899909029,222,196,254,"(Conference Rank:  16)",7,"12 - 14","7 - 11"
"Delaware","CAA",-4.22817421281277,-4.04753469453902,-0.180639518276458,225,281,173,"(Conference Rank:  16)",8,"9 - 16","7 - 11"
"Elon","CAA",-4.38480887242844,-2.91868443349015,-1.46612443907436,228,245,217,"(Conference Rank:  16)",9,"12 - 13","8 - 10"
"William & Mary","CAA",-5.90717638470194,-3.67964565669833,-2.22753072793966,262,271,240,"(Conference Rank:  16)",10,"11 - 16","7 - 11"
"Wright St.","Horizon",4.56740530270146,3.49149796903996,1.07590733365877,107,99,144,"(Conference Rank:  19)",1,"17 - 6","13 - 5"
"Cleveland St.","Horizon",-3.2123045654658,-4.92319081076162,1.71088624585976,202,301,128,"(Conference Rank:  19)",2,"15 - 10","12 - 4"
"UIC","Horizon",-3.63096680958452,-3.96878649882374,0.337819689303175,215,277,158,"(Conference Rank:  19)",3,"14 - 11","9 - 7"
"Northern Ky.","Horizon",-3.75303893106699,-4.95745942440891,1.20442049390587,218,302,141,"(Conference Rank:  19)",4,"11 - 16","6 - 10"
"Milwaukee","Horizon",-3.81683415005703,-2.04844235503188,-1.7683917949612,219,219,227,"(Conference Rank:  19)",5,"13 - 12","10 - 6"
"Detroit Mercy","Horizon",-4.09774147691168,-0.312988309017028,-3.78475316819736,223,164,276,"(Conference Rank:  19)",6,"10 - 17","6 - 10"
"Oakland","Horizon",-5.6164383738879,0.258895192568417,-5.87533356625902,253,152,313,"(Conference Rank:  19)",7,"10 - 19","9 - 9"
"Youngstown St.","Horizon",-5.86076970091717,-1.31128699875788,-4.54948270159535,260,195,288,"(Conference Rank:  19)",8,"9 - 13","7 - 9"
"Green Bay","Horizon",-6.33224873666249,0.744016368387577,-7.07626510498612,270,139,322,"(Conference Rank:  19)",9,"8 - 17","7 - 11"
"IUPUI","Horizon",-8.65608461767076,-2.26337831670221,-6.39270630093793,301,227,318,"(Conference Rank:  19)",10,"9 - 15","6 - 12"
"Yale","Ivy",6.59077905384925,3.86180993094075,2.72896912147246,87,91,111,"(Conference Rank:  21)",1,"0 - -Inf","0 - 0"
"Princeton","Ivy",-0.385498022150751,-0.424321418059249,0.0388233954724577,160,170,166,"(Conference Rank:  21)",2,"0 - -Inf","0 - 0"
"Harvard","Ivy",-0.644952389150751,-0.398765365059248,-0.246187024527542,162,168,176,"(Conference Rank:  21)",3,"0 - -Inf","0 - 0"
"Penn","Ivy",-3.28131180415075,-1.86774078805925,-1.41357101652754,204,213,214,"(Conference Rank:  21)",4,"0 - -Inf","0 - 0"
"Cornell","Ivy",-6.59454148715075,-3.65254749105925,-2.94199399752754,277,269,258,"(Conference Rank:  21)",5,"0 - -Inf","0 - 0"
"Brown","Ivy",-7.34702322715075,-5.87830306805925,-1.46872015952754,285,317,218,"(Conference Rank:  21)",6,"0 - -Inf","0 - 0"
"Columbia","Ivy",-8.42320435715075,-3.86369493605925,-4.55950942152754,298,273,289,"(Conference Rank:  21)",7,"0 - -Inf","0 - 0"
"Dartmouth","Ivy",-9.08881275515075,-8.65238032505925,-0.436432430527542,311,345,181,"(Conference Rank:  21)",8,"0 - -Inf","0 - 0"
"Siena","MAAC",0.418555469083852,0.0431668024476739,0.375388667200118,151,155,157,"(Conference Rank:  27)",1,"20 - 6","17 - 3"
"Monmouth","MAAC",-0.997100509167211,4.52629155006279,-5.52339205919939,165,79,308,"(Conference Rank:  27)",2,"15 - 9","14 - 6"
"Iona","MAAC",-3.19010072533391,-2.10217753474747,-1.08792319062247,200,221,205,"(Conference Rank:  27)",3,"17 - 12","13 - 7"
"Saint Peter's","MAAC",-3.38737958491423,-5.61531941686668,2.22793983188307,207,311,120,"(Conference Rank:  27)",4,"15 - 10","12 - 8"
"Quinnipiac","MAAC",-5.82646503356826,-4.00962622103704,-1.81683881256726,258,280,229,"(Conference Rank:  27)",5,"14 - 14","10 - 12"
"Niagara","MAAC",-6.03049756840898,-5.34987640240103,-0.680621165910638,265,307,193,"(Conference Rank:  27)",6,"11 - 15","8 - 12"
"Rider","MAAC",-6.3605883653013,-2.20120253666461,-4.15938582857274,272,224,283,"(Conference Rank:  27)",7,"9 - 16","8 - 12"
"Canisius","MAAC",-7.13520647599125,-3.65769911637261,-3.47750735985469,282,270,271,"(Conference Rank:  27)",8,"9 - 11","9 - 11"
"Marist","MAAC",-8.61789437770008,-7.99940058725044,-0.618493790885673,300,340,189,"(Conference Rank:  27)",9,"11 - 14","9 - 13"
"Manhattan","MAAC",-8.73391378519826,-8.59933226620843,-0.134581519092541,303,344,170,"(Conference Rank:  27)",10,"9 - 13","8 - 12"
"Fairfield","MAAC",-10.3172951585136,-10.2416204875752,-0.0756746708077221,323,349,168,"(Conference Rank:  27)",11,"6 - 21","6 - 14"
"Toledo","MAC",6.19270110167317,6.37856795612239,-0.185866854351929,91,44,174,"(Conference Rank:  12)",1,"21 - 7","16 - 4"
"Buffalo","MAC",4.42026293662929,7.84430936702572,-3.42404643043247,108,26,269,"(Conference Rank:  12)",2,"15 - 11","14 - 7"
"Kent St.","MAC",4.33240519118229,4.77823334624777,-0.44582815503487,110,71,182,"(Conference Rank:  12)",3,"17 - 9","14 - 7"
"Bowling Green","MAC",4.05290532515823,3.76358382731285,0.289321497875997,115,94,160,"(Conference Rank:  12)",4,"16 - 9","14 - 6"
"Akron","MAC",3.12709928668168,1.90084289670973,1.22625638990258,124,122,140,"(Conference Rank:  12)",5,"15 - 9","14 - 8"
"Ohio","MAC",2.73106736648247,3.54340677000881,-0.812339403495745,132,97,197,"(Conference Rank:  12)",6,"15 - 11","11 - 9"
"Ball St.","MAC",0.106076017727,-0.405884682523973,0.511960700814924,154,169,156,"(Conference Rank:  12)",7,"14 - 13","11 - 9"
"Miami (OH)","MAC",-3.17034677775727,-2.88953703055865,-0.280809747234664,199,243,178,"(Conference Rank:  12)",8,"11 - 16","9 - 13"
"Western Mich.","MAC",-4.96833474511854,-4.90617352464807,-0.0621612205065367,238,300,167,"(Conference Rank:  12)",9,"7 - 19","6 - 14"
"Central Mich.","MAC",-6.24929035901134,1.58162649122021,-7.83091685073425,269,127,336,"(Conference Rank:  12)",10,"9 - 18","6 - 16"
"Eastern Mich.","MAC",-7.63185463161495,-7.13817113329367,-0.493683498423997,287,332,184,"(Conference Rank:  12)",11,"7 - 19","7 - 17"
"Northern Ill.","MAC",-7.82813774008258,-8.48731791148211,0.65918017139682,293,342,154,"(Conference Rank:  12)",12,"6 - 20","5 - 15"
"Morgan St.","MEAC",-5.66071281650449,0.0245615822059051,-5.68527439874643,255,156,311,"(Conference Rank:  31)",1,"15 - 9","11 - 5"
"Norfolk St.","MEAC",-5.90657850518779,-4.43561811902803,-1.47096038616247,261,289,219,"(Conference Rank:  31)",2,"16 - 9","12 - 5"
"N.C. Central","MEAC",-6.75853501608282,-4.51749593898966,-2.24103907732919,280,290,241,"(Conference Rank:  31)",3,"10 - 9","9 - 3"
"Florida A&M","MEAC",-8.33082634458577,-4.31615190271016,-4.01467444191164,296,286,280,"(Conference Rank:  31)",4,"8 - 14","7 - 4"
"Coppin St.","MEAC",-10.289983403612,-3.02321547211912,-7.26676793126227,321,249,326,"(Conference Rank:  31)",5,"11 - 21","9 - 7"
"N.C. A&T","MEAC",-10.4536377033766,-2.2926934245513,-8.16094427879462,326,228,341,"(Conference Rank:  31)",6,"9 - 15","7 - 6"
"Bethune-Cookman","MEAC",-11.1283424541508,-3.99723997005925,-7.13110248452754,330,279,324,"(Conference Rank:  31)",7,"0 - -Inf","0 - 0"
"Howard","MEAC",-12.9465770277219,-1.6281081699372,-11.3184688579874,344,206,352,"(Conference Rank:  31)",8,"8 - 17","6 - 10"
"Delaware St.","MEAC",-16.8277988555384,-2.20388468096733,-14.6239141722071,351,225,355,"(Conference Rank:  31)",9,"3 - 20","3 - 14"
"South Carolina St.","MEAC",-17.932079836779,-8.53943450311799,-9.39264533309707,352,343,346,"(Conference Rank:  31)",10,"1 - 21","1 - 11"
"UMES","MEAC",-19.2846262651507,-12.8064405330592,-6.47818572652754,354,356,319,"(Conference Rank:  31)",11,"0 - -Inf","0 - 0"
"Loyola Chicago","MVC",10.2785910065874,2.28938165831539,7.9892093482694,57,115,24,"(Conference Rank:  10)",1,"18 - 6","14 - 4"
"Drake","MVC",8.09530852567351,4.33798621887557,3.75732230676192,79,82,93,"(Conference Rank:  10)",2,"20 - 4","12 - 4"
"UNI","MVC",3.72957866389655,2.90327266033841,0.82630600362209,119,111,151,"(Conference Rank:  10)",3,"8 - 14","7 - 8"
"Missouri St.","MVC",3.28229745987096,3.14599821671224,0.136299243089337,122,108,164,"(Conference Rank:  10)",4,"17 - 6","12 - 6"
"Indiana St.","MVC",3.10835045208525,-0.645798209466856,3.75414866104938,125,176,94,"(Conference Rank:  10)",5,"9 - 9","7 - 7"
"Bradley","MVC",3.00292674651446,-0.502261971964994,3.50518871847672,129,173,98,"(Conference Rank:  10)",6,"15 - 11","10 - 8"
"Southern Ill.","MVC",-1.7311679389232,-2.56248329225182,0.831315353359214,175,235,150,"(Conference Rank:  10)",7,"14 - 14","6 - 12"
"Valparaiso","MVC",-3.39804232444252,-3.62012400199592,0.222081677617333,209,265,163,"(Conference Rank:  10)",8,"8 - 20","6 - 14"
"Illinois St.","MVC",-4.82985394243144,-2.35055908978098,-2.47929485261985,234,230,246,"(Conference Rank:  10)",9,"7 - 18","6 - 14"
"Evansville","MVC",-6.58093522274267,-5.95589615346493,-0.625039069647115,276,318,190,"(Conference Rank:  10)",10,"8 - 15","6 - 9"
"Utah St.","MWC",13.1808991239051,4.55683762155249,8.62406150248321,33,77,18,"(Conference Rank:  11)",1,"23 - 5","18 - 2"
"San Diego St.","MWC",12.2828055393712,1.55447587499658,10.7283296628052,43,128,7,"(Conference Rank:  11)",2,"20 - 6","15 - 5"
"Boise St.","MWC",9.08006333013107,5.39718922431586,3.68287410584572,66,61,96,"(Conference Rank:  11)",3,"19 - 7","15 - 5"
"Colorado St.","MWC",7.70024803202423,4.91328418841797,2.78696384417019,80,69,108,"(Conference Rank:  11)",4,"19 - 8","15 - 5"
"UNLV","MWC",6.57644151449318,4.12177445299544,2.45466706156169,88,85,114,"(Conference Rank:  11)",5,"15 - 12","12 - 8"
"Nevada","MWC",2.76994169942742,3.01659947013786,-0.246657770646475,130,109,177,"(Conference Rank:  11)",6,"15 - 12","11 - 9"
"Fresno St.","MWC",-2.08341049443071,-4.10761429639023,2.0242038019568,184,284,122,"(Conference Rank:  11)",7,"9 - 16","6 - 14"
"New Mexico","MWC",-2.8494725486037,-1.96716370215606,-0.88230884721704,193,216,198,"(Conference Rank:  11)",8,"7 - 15","5 - 15"
"Wyoming","MWC",-3.39647537372894,0.375493065131836,-3.77196843879685,208,147,275,"(Conference Rank:  11)",9,"12 - 15","6 - 14"
"Air Force","MWC",-5.92272139195861,-5.62320993101158,-0.299511460383063,263,313,179,"(Conference Rank:  11)",10,"9 - 17","6 - 14"
"San Jose St.","MWC",-11.0300513285353,-0.39123702819909,-10.6388143003389,329,167,349,"(Conference Rank:  11)",11,"2 - 23","2 - 18"
"Bryant","NEC",-0.0102388622906702,4.06338727959865,-4.07362614179205,155,87,281,"(Conference Rank:  26)",1,"15 - 7","10 - 4"
"Robert Morris","NEC",-2.80104604633732,-1.39639776674164,-1.40464827946506,191,198,212,"(Conference Rank:  26)",2,"13 - 14","0 - 1"
"Saint Francis (PA)","NEC",-4.32683662699214,-1.1215463841014,-3.20529024292679,227,190,265,"(Conference Rank:  26)",3,"12 - 13","10 - 9"
"Mount St. Mary's","NEC",-4.65384537605701,-8.85856100700478,4.20471563091174,229,346,82,"(Conference Rank:  26)",4,"13 - 12","10 - 8"
"Sacred Heart","NEC",-4.69524454251041,-2.43335689057883,-2.26188765190097,230,232,242,"(Conference Rank:  26)",5,"13 - 12","10 - 8"
"LIU","NEC",-6.0202302352095,-0.809749700346343,-5.2104805342992,264,182,303,"(Conference Rank:  26)",6,"10 - 6","10 - 6"
"Fairleigh Dickinson","NEC",-7.48703268314377,-0.369534057999599,-7.11749862531354,286,166,323,"(Conference Rank:  26)",7,"8 - 12","7 - 7"
"St. Francis Brooklyn","NEC",-8.79905442081569,-2.55479250894201,-6.24426191200973,306,234,316,"(Conference Rank:  26)",8,"9 - 12","9 - 9"
"Merrimack","NEC",-9.19592060503492,-7.11097607423899,-2.08494453096531,313,330,235,"(Conference Rank:  26)",9,"8 - 14","8 - 12"
"Wagner","NEC",-9.54523717766339,-4.66141303935773,-4.88382413847503,316,292,297,"(Conference Rank:  26)",10,"7 - 12","7 - 11"
"Central Conn. St.","NEC",-12.8205429004884,-5.68538723151385,-7.13515566671055,341,314,325,"(Conference Rank:  26)",11,"6 - 18","5 - 13"
"Belmont","OVC",3.51765341368245,5.01680332551216,-1.49914991176578,120,67,220,"(Conference Rank:  24)",1,"23 - 4","18 - 2"
"Murray St.","OVC",0.156204155840436,-1.53804530323925,1.69424945964364,153,201,129,"(Conference Rank:  24)",2,"16 - 9","14 - 7"
"Austin Peay","OVC",-1.80907336427499,0.58531879293972,-2.3943921572841,177,141,245,"(Conference Rank:  24)",3,"18 - 8","15 - 6"
"Eastern Ky.","OVC",-2.73581351002107,2.93152961397081,-5.66734312456127,190,110,310,"(Conference Rank:  24)",4,"18 - 7","14 - 6"
"Eastern Ill.","OVC",-4.78924582952809,0.0898583086101041,-4.87910413857425,233,154,295,"(Conference Rank:  24)",5,"13 - 15","10 - 10"
"Morehead St.","OVC",-5.21615151847303,-6.86647957276798,1.65032805432557,242,327,131,"(Conference Rank:  24)",6,"15 - 12","13 - 8"
"Jacksonville St.","OVC",-5.52683359718285,-4.78042846191651,-0.746405135269071,251,297,196,"(Conference Rank:  24)",7,"12 - 13","10 - 10"
"Tennessee St.","OVC",-8.70801295996977,-5.98552763480237,-2.72248532517011,302,319,255,"(Conference Rank:  24)",8,"7 - 18","6 - 15"
"SIUE","OVC",-9.94250700725025,-5.11490151461953,-4.82760549283343,318,304,294,"(Conference Rank:  24)",9,"9 - 17","8 - 12"
"Southeast Mo. St.","OVC",-10.324151389295,-4.74678852232684,-5.57736286490427,324,296,309,"(Conference Rank:  24)",10,"10 - 20","8 - 16"
"Tennessee Tech","OVC",-10.870036198891,-5.61700525035192,-5.25303094797511,328,312,304,"(Conference Rank:  24)",11,"5 - 22","5 - 15"
"UT Martin","OVC",-14.7687196949525,-3.57661008779602,-11.1921096047925,349,263,351,"(Conference Rank:  24)",12,"5 - 20","4 - 16"
"Colorado","Pac 12",17.036744919618,7.56675887435696,9.469986043325,13,30,13,"(Conference Rank:  4)",1,"20 - 5","14 - 4"
"Southern California","Pac 12",14.462510060096,7.13513982444909,7.32737023584417,26,34,33,"(Conference Rank:  4)",2,"22 - 8","14 - 6"
"Arizona","Pac 12",14.3130594186764,9.82803614585411,4.48502327165287,28,12,75,"(Conference Rank:  4)",3,"22 - 8","13 - 7"
"Stanford","Pac 12",13.0690033182619,5.69185395866306,7.37714935832945,34,55,31,"(Conference Rank:  4)",4,"21 - 10","14 - 7"
"UCLA","Pac 12",12.9291945360747,7.19331226170874,5.73588227642987,37,32,51,"(Conference Rank:  4)",5,"21 - 7","15 - 5"
"Oregon","Pac 12",12.7774742067281,6.32883726671763,6.44863693937437,39,45,41,"(Conference Rank:  4)",6,"19 - 8","13 - 7"
"Utah","Pac 12",9.99067589320792,3.99685510908672,5.99382078681847,59,88,47,"(Conference Rank:  4)",7,"13 - 12","9 - 11"
"Arizona St.","Pac 12",9.47996248846704,8.66120139676504,0.818761091765932,62,20,152,"(Conference Rank:  4)",8,"12 - 13","8 - 10"
"Washington St.","Pac 12",3.87271667129073,0.945033621820805,2.92768304950054,117,134,105,"(Conference Rank:  4)",9,"13 - 14","6 - 14"
"Oregon St.","Pac 12",2.74175348112238,0.00824635221834136,2.73350712900131,131,157,110,"(Conference Rank:  4)",10,"11 - 16","7 - 14"
"California","Pac 12",2.7297490058698,-0.609234554531284,3.33898356049837,133,175,101,"(Conference Rank:  4)",11,"10 - 18","5 - 16"
"Washington","Pac 12",1.49343251070055,1.20890440390209,0.284528106895741,141,132,161,"(Conference Rank:  4)",12,"7 - 21","3 - 18"
"Colgate","Patriot",5.4303087959504,4.54283481440617,0.887473981308192,98,78,147,"(Conference Rank:  20)",1,"14 - 2","14 - 2"
"Navy","Patriot",-1.80138310445305,-3.09940065285857,1.29801754843615,176,250,137,"(Conference Rank:  20)",2,"18 - 6","13 - 5"
"Army West Point","Patriot",-2.71679096262398,-2.02299777990755,-0.69379318341915,189,217,194,"(Conference Rank:  20)",3,"12 - 9","9 - 7"
"Boston U.","Patriot",-3.11949528502643,-2.95368812882687,-0.165807156435614,196,247,171,"(Conference Rank:  20)",4,"6 - 10","6 - 10"
"Lafayette","Patriot",-3.67726479551946,-1.12508271138369,-2.55218208357183,216,191,250,"(Conference Rank:  20)",5,"11 - 5","11 - 5"
"American","Patriot",-4.87424574161669,-1.55749634293065,-3.31674939892207,235,203,267,"(Conference Rank:  20)",6,"8 - 8","8 - 8"
"Bucknell","Patriot",-6.38830939353341,-4.30425228462883,-2.08405710914061,273,285,234,"(Conference Rank:  20)",7,"6 - 10","6 - 10"
"Loyola Maryland","Patriot",-6.67468819364864,-2.86902857650075,-3.80565961818393,279,242,278,"(Conference Rank:  20)",8,"6 - 10","6 - 10"
"Lehigh","Patriot",-10.2994488522126,-5.51900073835116,-4.78044811403077,322,309,292,"(Conference Rank:  20)",9,"5 - 13","5 - 13"
"Holy Cross","Patriot",-12.2712235130899,-4.4330424023486,-7.83818111177736,336,288,337,"(Conference Rank:  20)",10,"4 - 12","4 - 12"
"Tennessee","SEC",17.9211868516746,5.88869145912829,12.0324953935436,10,54,4,"(Conference Rank:  6)",1,"23 - 6","13 - 5"
"Alabama","SEC",17.4211029414155,14.559682351064,2.86142058941547,12,4,107,"(Conference Rank:  6)",2,"21 - 6","16 - 2"
"Florida","SEC",16.5239922913814,8.62324275969359,7.90074953025178,15,21,25,"(Conference Rank:  6)",3,"20 - 10","12 - 6"
"LSU","SEC",16.2086364151639,14.7806172778644,1.42801913826349,17,3,134,"(Conference Rank:  6)",4,"22 - 7","13 - 5"
"Arkansas","SEC",11.4065031058632,9.09341789176535,2.31308521416181,46,17,118,"(Conference Rank:  6)",5,"18 - 10","9 - 9"
"Missouri","SEC",10.8402135753315,3.47320385081887,7.36700972454325,51,102,32,"(Conference Rank:  6)",6,"17 - 9","10 - 8"
"Kentucky","SEC",9.8088589424335,2.02849172032608,7.78036722220471,61,119,28,"(Conference Rank:  6)",7,"12 - 16","8 - 10"
"Ole Miss","SEC",9.40468224194485,1.04953191212949,8.35515032991263,64,133,22,"(Conference Rank:  6)",8,"15 - 12","8 - 10"
"South Carolina","SEC",9.30556767937657,7.34701062294105,1.95855705646613,65,31,123,"(Conference Rank:  6)",9,"13 - 13","8 - 10"
"Auburn","SEC",8.44882973900881,6.61030670268348,1.83852303632262,73,41,125,"(Conference Rank:  6)",10,"12 - 14","7 - 11"
"Mississippi St.","SEC",7.11812357371906,3.29174002127534,3.82638355250765,83,104,91,"(Conference Rank:  6)",11,"13 - 14","8 - 10"
"Georgia","SEC",5.43086763993391,6.59577500949165,-1.16490737012715,97,42,206,"(Conference Rank:  6)",12,"13 - 12","6 - 12"
"Vanderbilt","SEC",2.24913863643387,2.89598092301911,-0.646842286554634,137,112,191,"(Conference Rank:  6)",13,"9 - 18","4 - 14"
"Texas A&M","SEC",0.811085122653269,-5.34639046269119,6.15747558590841,145,306,45,"(Conference Rank:  6)",14,"10 - 15","4 - 14"
"Southern U.","SWAC",-5.47420590475622,-4.05208509684499,-1.42212080791395,249,282,215,"(Conference Rank:  32)",1,"14 - 11","14 - 4"
"Prairie View","SWAC",-6.22013909327483,-4.7033395348364,-1.51679955834117,268,294,222,"(Conference Rank:  32)",2,"15 - 13","13 - 4"
"Texas Southern","SWAC",-7.08756847059749,-0.75566890560169,-6.33189956503186,281,178,317,"(Conference Rank:  32)",3,"13 - 13","12 - 6"
"Grambling","SWAC",-9.38773529519508,-7.84917107983042,-1.53856421536738,315,338,224,"(Conference Rank:  32)",4,"10 - 10","8 - 5"
"Jackson St.","SWAC",-10.0934060931308,-7.89375284777102,-2.19965324546253,319,339,238,"(Conference Rank:  32)",5,"9 - 13","8 - 6"
"Alabama A&M","SWAC",-12.9277662786942,-5.41659621691657,-7.51117006471365,343,308,331,"(Conference Rank:  32)",6,"11 - 11","9 - 9"
"Alcorn","SWAC",-13.0190756270866,-2.72435285879442,-10.2947227669949,346,238,348,"(Conference Rank:  32)",7,"9 - 22","8 - 10"
"Alabama St.","SWAC",-16.3286416054072,-11.3462213319734,-4.9824202703699,350,353,298,"(Conference Rank:  32)",8,"5 - 13","5 - 13"
"Ark.-Pine Bluff","SWAC",-18.9776174321973,-10.4948732320317,-8.48274419906839,353,351,343,"(Conference Rank:  32)",9,"6 - 21","5 - 13"
"Mississippi Val.","SWAC",-28.2028222980849,-9.56325597914343,-18.6395663188775,357,347,357,"(Conference Rank:  32)",10,"1 - 23","1 - 13"
"Furman","Southern",8.46796193001368,6.09352140100104,2.37444052904326,72,47,116,"(Conference Rank:  13)",1,"18 - 7","14 - 4"
"UNC Greensboro","Southern",5.00962071792181,0.361018883222588,4.64860183486317,101,149,70,"(Conference Rank:  13)",2,"19 - 10","13 - 6"
"Wofford","Southern",3.26758851333241,0.922311469567465,2.34527704326222,123,135,117,"(Conference Rank:  13)",3,"16 - 9","13 - 5"
"ETSU","Southern",1.47348957609717,-3.23763219623806,4.71112177183251,142,256,68,"(Conference Rank:  13)",4,"14 - 11","12 - 6"
"Chattanooga","Southern",0.532550892789155,0.249710437078711,0.282840455774378,148,153,162,"(Conference Rank:  13)",5,"16 - 10","8 - 10"
"Mercer","Southern",-0.138840222113016,0.432850223174926,-0.571690445290653,158,144,185,"(Conference Rank:  13)",6,"13 - 11","9 - 9"
"Western Caro.","Southern",-1.95347024647178,4.08853155589363,-6.04200180226812,181,86,315,"(Conference Rank:  13)",7,"12 - 15","7 - 12"
"VMI","Southern",-2.71482366882621,2.28025727533567,-4.99508094409794,188,116,299,"(Conference Rank:  13)",8,"10 - 15","8 - 10"
"Samford","Southern",-8.76792718420656,-0.0274903455743285,-8.74043684126829,304,158,344,"(Conference Rank:  13)",9,"7 - 18","5 - 15"
"The Citadel","Southern",-9.02437222987596,3.60252895539115,-12.6269011866031,308,96,354,"(Conference Rank:  13)",10,"7 - 14","4 - 14"
"SFA","Southland",-0.106794414505469,0.372708984262459,-0.479503398203947,156,148,183,"(Conference Rank:  30)",1,"16 - 8","13 - 3"
"Abilene Christian","Southland",-0.126410449315747,-3.13432149285381,3.00791104410199,157,251,104,"(Conference Rank:  30)",2,"15 - 4","11 - 2"
"Nicholls St.","Southland",-3.55478991177947,-1.43421410625801,-2.12057580549083,212,200,237,"(Conference Rank:  30)",3,"14 - 9","12 - 3"
"Sam Houston St.","Southland",-5.83112186620108,-1.18782756550426,-4.64329430153288,259,192,290,"(Conference Rank:  30)",4,"3 - 6","1 - 0"
"Central Ark.","Southland",-6.4408539529769,0.893155811176978,-7.33400976358992,274,136,328,"(Conference Rank:  30)",5,"8 - 15","7 - 6"
"Northwestern St.","Southland",-8.33007858511641,-0.716499111344302,-7.61357947370811,295,177,333,"(Conference Rank:  30)",6,"6 - 19","6 - 9"
"Lamar University","Southland",-9.05837292275807,-5.60942262660283,-3.44895029619128,309,310,270,"(Conference Rank:  30)",7,"8 - 15","7 - 8"
"New Orleans","Southland",-9.07430074984797,-1.64913026641391,-7.42517048487011,310,208,330,"(Conference Rank:  30)",8,"7 - 18","7 - 8"
"A&M-Corpus Christi","Southland",-10.7477299591508,-8.25914619605925,-2.48858376252754,327,341,247,"(Conference Rank:  30)",9,"5 - 15","5 - 8"
"Southeastern La.","Southland",-11.4734274750935,-3.89681105709857,-7.57661641793103,332,275,332,"(Conference Rank:  30)",10,"8 - 16","5 - 10"
"McNeese","Southland",-12.3684076693219,-2.76712401391978,-9.60128365553818,338,239,347,"(Conference Rank:  30)",11,"4 - 15","4 - 12"
"UIW","Southland",-12.621568036652,-7.3020707974362,-5.31949723625183,340,333,306,"(Conference Rank:  30)",12,"7 - 17","6 - 10"
"Houston Baptist","Southland",-12.8830661705633,2.08186721678761,-14.964933390587,342,118,356,"(Conference Rank:  30)",13,"4 - 16","4 - 9"
"South Dakota St.","Summit",4.25308469588435,5.48420970678243,-1.23112501166745,112,59,207,"(Conference Rank:  17)",1,"18 - 6","13 - 4"
"Oral Roberts","Summit",1.84383847537496,6.03374733871179,-4.18990886333954,139,49,285,"(Conference Rank:  17)",2,"13 - 10","10 - 4"
"North Dakota St.","Summit",0.650752752412364,-2.21550767179871,2.86626042434169,147,226,106,"(Conference Rank:  17)",3,"15 - 12","12 - 5"
"South Dakota","Summit",-1.34545806073798,0.496516987735625,-1.84197504790968,169,142,231,"(Conference Rank:  17)",4,"12 - 13","10 - 7"
"Purdue Fort Wayne","Summit",-3.29621784853087,1.9019687304739,-5.19818657894079,205,120,302,"(Conference Rank:  17)",5,"13 - 12","0 - 0"
"North Dakota","Summit",-6.0443431107015,-5.00251339676241,-1.0418297138751,266,303,203,"(Conference Rank:  17)",6,"9 - 16","8 - 9"
"Omaha","Summit",-6.33264787530209,-1.65046480326212,-4.68218307200936,271,209,291,"(Conference Rank:  17)",7,"8 - 18","5 - 9"
"Western Ill.","Summit",-11.1534024578866,-2.95599630319456,-8.19740615412811,331,248,342,"(Conference Rank:  17)",8,"4 - 18","3 - 11"
"Denver","Summit",-12.2829478146567,-4.52714182615486,-7.75580598853787,337,291,335,"(Conference Rank:  17)",9,"3 - 21","2 - 12"
"Georgia St.","Sunbelt",6.72388090986303,8.04484200627478,-1.32096109711446,86,24,211,"(Conference Rank:  15)",1,"16 - 3","12 - 2"
"Texas St.","Sunbelt",0.512874924079798,-3.87713867478906,4.39001359886615,149,274,76,"(Conference Rank:  15)",2,"19 - 6","14 - 4"
"Little Rock","Sunbelt",-0.349669092194462,1.49083166699025,-1.84050075918743,159,129,230,"(Conference Rank:  15)",3,"14 - 11","11 - 7"
"Coastal Carolina","Sunbelt",-1.15361710223188,1.37775560024954,-2.53137270261745,166,131,249,"(Conference Rank:  15)",4,"12 - 7","10 - 6"
"UT Arlington","Sunbelt",-1.88954783824692,-0.36783125423681,-1.52171658404616,178,165,223,"(Conference Rank:  15)",5,"12 - 12","10 - 8"
"South Alabama","Sunbelt",-2.84207341023867,-1.81061169306493,-1.03146171730979,192,212,202,"(Conference Rank:  15)",6,"8 - 11","6 - 8"
"Appalachian St.","Sunbelt",-2.97939256815075,-3.57931461305925,0.599922044472458,194,264,155,"(Conference Rank:  15)",7,"0 - -Inf","0 - 0"
"Louisiana","Sunbelt",-3.24015605353424,-0.185585714920741,-3.05457033864953,203,162,261,"(Conference Rank:  15)",8,"13 - 11","9 - 9"
"Ga. Southern","Sunbelt",-5.72116810572654,-3.34186169938181,-2.37930640648078,256,258,244,"(Conference Rank:  15)",9,"8 - 11","6 - 8"
"Troy","Sunbelt",-7.69921723886278,-6.75853250342654,-0.940684735472299,288,326,199,"(Conference Rank:  15)",10,"6 - 16","3 - 11"
"Arkansas St.","Sunbelt",-7.72442107773919,-2.84275670293404,-4.88166437474121,289,240,296,"(Conference Rank:  15)",11,"8 - 19","6 - 12"
"ULM","Sunbelt",-8.8236301166392,-7.02773990666356,-1.79589020997836,307,329,228,"(Conference Rank:  15)",12,"6 - 19","4 - 14"
"CSU Bakersfield","WAC",-1.16970018551265,-5.32460177920648,4.15490159369113,167,305,84,"(Conference Rank:  22)",1,"15 - 10","0 - 0"
"Grand Canyon","WAC",-1.6580658620349,-0.913877947897264,-0.744187914240371,173,185,195,"(Conference Rank:  22)",2,"18 - 7","12 - 4"
"New Mexico St.","WAC",-1.72469384126496,-6.06089744970616,4.33620360727184,174,320,78,"(Conference Rank:  22)",3,"14 - 9","11 - 5"
"Utah Valley","WAC",-4.25497552081302,-0.92687477766079,-3.3281007425883,226,186,268,"(Conference Rank:  22)",4,"12 - 13","11 - 5"
"Kansas City","WAC",-5.18142658560054,-7.12859956730184,1.94717298226524,240,331,124,"(Conference Rank:  22)",5,"7 - 15","0 - 0"
"Seattle U","WAC",-5.19276529397261,-2.70221529775629,-2.49054999628569,241,237,248,"(Conference Rank:  22)",6,"13 - 13","9 - 7"
"California Baptist","WAC",-5.60741543638997,-0.801618472237138,-4.80579696358888,252,181,293,"(Conference Rank:  22)",7,"15 - 12","9 - 7"
"UTRGV","WAC",-6.60055033532627,-3.63840561889296,-2.96214471713601,278,268,259,"(Conference Rank:  22)",8,"13 - 11","9 - 8"
"Tarleton St.","WAC",-8.37820862841686,-4.67066780958095,-3.70754081890531,297,293,273,"(Conference Rank:  22)",9,"7 - 17","6 - 11"
"Dixie St.","WAC",-14.4272580002025,-6.51915662855938,-7.90810137107916,348,325,340,"(Conference Rank:  22)",10,"6 - 17","4 - 12"
"Chicago St.","WAC",-23.0510932246109,-10.7733799721995,-12.2777132537474,356,352,353,"(Conference Rank:  22)",11,"1 - 27","1 - 15"
"Gonzaga","WCC",24.3648120356004,20.6417875783748,3.72302445878954,1,1,95,"(Conference Rank:  9)",1,"30 - 1","16 - 0"
"BYU","WCC",10.3091752310869,4.66556780870538,5.64360742241212,56,75,55,"(Conference Rank:  9)",2,"20 - 6","12 - 4"
"San Francisco","WCC",8.89284253019727,3.68235366795996,5.21048886246793,67,95,60,"(Conference Rank:  9)",3,"18 - 12","9 - 7"
"Saint Mary's (CA)","WCC",5.19866594876238,-2.02994498064187,7.22861092946819,100,218,35,"(Conference Rank:  9)",4,"16 - 11","7 - 9"
"LMU (CA)","WCC",3.8199898632067,-2.5430310878966,6.36302095126725,118,233,43,"(Conference Rank:  9)",5,"16 - 14","9 - 7"
"Pacific","WCC",2.55646227818713,-2.12597315829759,4.68243543648199,134,222,69,"(Conference Rank:  9)",6,"14 - 11","9 - 8"
"Pepperdine","WCC",1.92956003395842,4.58406213835012,-2.65450210436111,138,76,252,"(Conference Rank:  9)",7,"12 - 15","7 - 9"
"Santa Clara","WCC",1.43610880513258,-0.864382698835424,2.30049150413193,143,183,119,"(Conference Rank:  9)",8,"17 - 13","8 - 8"
"San Diego","WCC",-5.63245858899223,-3.63039334676386,-2.00206524273112,254,267,232,"(Conference Rank:  9)",9,"6 - 20","3 - 13"
"Portland","WCC",-7.7308197701116,-1.69944235907371,-6.03137741097393,290,210,314,"(Conference Rank:  9)",10,"8 - 19","2 - 15"
